date,ndvi
17-Jan-91,0.241
19-Jan-91,0.304
19-Jan-91,0.466
20-Feb-91,0.397
20-Feb-91,0.435
20-Feb-91,0.402
20-Feb-91,0.401
27-Feb-91,0.411
27-Feb-91,0.413
27-Feb-91,0.455
27-Feb-91,0.381
1-Mar-91,
1-Mar-91,0.488
31-Mar-91,0.382
7-Apr-91,0.298
7-Apr-91,0.292
16-Apr-91,
16-Apr-91,0.404
16-Apr-91,0.519
16-Apr-91,0.563
18-Apr-91,0.459
23-Apr-91,0.473
2-May-91,0.44
2-May-91,0.471
2-May-91,0.483
9-May-91,0.36
11-May-91,0.443
11-May-91,0.452
11-May-91,0.51
11-May-91,0.487
11-May-91,0.538
18-May-91,0.387
18-May-91,0.43
18-May-91,0.424
20-May-91,0.372
20-May-91,0.404
20-May-91,0.475
25-May-91,0.509
25-May-91,0.51
3-Jun-91,0.54
3-Jun-91,0.481
3-Jun-91,0.407
3-Jun-91,0.308
3-Jun-91,0.327
5-Jun-91,0.469
5-Jun-91,0.39
5-Jun-91,0.347
5-Jun-91,0.272
10-Jun-91,0.459
10-Jun-91,0.462
12-Jun-91,0.341
12-Jun-91,0.428
19-Jun-91,0.36
19-Jun-91,0.458
19-Jun-91,0.396
19-Jun-91,0.334
19-Jun-91,0.343
21-Jun-91,0.382
21-Jun-91,0.4
21-Jun-91,0.422
28-Jun-91,0.4
28-Jun-91,0.464
28-Jun-91,0.311
28-Jun-91,0.314
28-Jun-91,0.368
12-Jul-91,0.349
12-Jul-91,0.348
23-Jul-91,0.301
23-Jul-91,0.296
23-Jul-91,0.294
23-Jul-91,0.292
28-Jul-91,0.286
30-Jul-91,0.229
30-Jul-91,0.186
30-Jul-91,0.186
30-Jul-91,0.167
30-Jul-91,0.183
6-Aug-91,0.197
6-Aug-91,0.213
6-Aug-91,0.199
6-Aug-91,0.219
15-Aug-91,0.234
15-Aug-91,0.306
15-Aug-91,0.24
15-Aug-91,0.244
15-Aug-91,0.283
22-Aug-91,0.356
22-Aug-91,0.308
22-Aug-91,0.292
22-Aug-91,0.197
22-Aug-91,0.183
24-Aug-91,0.212
24-Aug-91,0.21
24-Aug-91,0.258
24-Aug-91,0.239
7-Sep-91,0.317
7-Sep-91,0.275
7-Sep-91,0.289
7-Sep-91,0.182
7-Sep-91,0.163
16-Sep-91,0.235
16-Sep-91,0.335
16-Sep-91,0.193
16-Sep-91,0.165
16-Sep-91,0.169
25-Sep-91,0.102
25-Sep-91,0.134
9-Oct-91,0.175
9-Oct-91,0.178
27-Oct-91,0.19
1-Nov-91,0.196
1-Nov-91,0.196
10-Nov-91,0.19
17-Nov-91,0.278
17-Nov-91,0.278
19-Nov-91,0.212
19-Nov-91,0.31
19-Nov-91,0.181
19-Nov-91,0.18
3-Dec-91,0.319
14-Feb-92,0.181
14-Feb-92,0.49
14-Feb-92,0.556
14-Feb-92,0.541
14-Feb-92,0.529
26-Mar-92,0.27
26-Mar-92,0.479
2-Apr-92,0.353
2-Apr-92,0.427
2-Apr-92,0.425
18-Apr-92,0.403
18-Apr-92,0.415
18-Apr-92,0.342
18-Apr-92,0.375
13-May-92,0.415
13-May-92,0.325
13-May-92,0.319
13-May-92,0.345
13-May-92,0.266
21-Jun-92,0.444
21-Jun-92,0.376
21-Jun-92,0.324
21-Jun-92,0.263
21-Jun-92,0.274
28-Jun-92,0.361
28-Jun-92,0.353
30-Jun-92,0.347
30-Jun-92,0.381
30-Jun-92,0.29
30-Jun-92,0.249
30-Jun-92,0.309
15-Aug-92,0.28
15-Aug-92,0.273
24-Aug-92,0.334
24-Aug-92,0.292
24-Aug-92,0.301
24-Aug-92,0.198
24-Aug-92,0.177
9-Sep-92,0.325
9-Sep-92,0.259
9-Sep-92,0.249
9-Sep-92,0.165
9-Sep-92,0.156
16-Sep-92,0.241
16-Sep-92,0.234
25-Sep-92,0.255
25-Sep-92,0.235
25-Sep-92,0.234
25-Sep-92,0.152
25-Sep-92,0.151
11-Oct-92,0.182
11-Oct-92,0.184
11-Oct-92,0.194
11-Oct-92,0.169
11-Oct-92,0.169
12-Nov-92,0.296
12-Nov-92,0.24
12-Nov-92,0.23
12-Nov-92,0.17
21-Nov-92,0.142
21-Nov-92,0.154
30-Dec-92,0.472
30-Dec-92,0.521
30-Dec-92,0.494
30-Dec-92,0.414
30-Dec-92,0.404
6-Jan-93,0.446
8-Jan-93,0.402
8-Jan-93,0.311
8-Jan-93,0.323
8-Jan-93,0.342
31-Jan-93,0.516
31-Jan-93,0.52
31-Jan-93,0.54
13-Mar-93,0.343
13-Mar-93,0.471
13-Mar-93,0.533
20-Mar-93,0.323
27-Mar-93,0.408
29-Mar-93,0.507
29-Mar-93,0.577
29-Mar-93,0.617
12-Apr-93,0.547
12-Apr-93,0.545
14-Apr-93,0.384
14-Apr-93,0.439
14-Apr-93,0.444
14-Apr-93,0.396
30-Apr-93,0.402
30-Apr-93,0.416
30-Apr-93,0.442
16-May-93,0.512
16-May-93,0.49
16-May-93,0.491
16-May-93,0.493
16-May-93,0.489
23-May-93,0.542
23-May-93,0.497
23-May-93,0.463
23-May-93,0.36
23-May-93,0.36
1-Jun-93,0.417
1-Jun-93,0.467
1-Jun-93,0.453
1-Jun-93,0.44
1-Jun-93,0.412
8-Jun-93,0.517
8-Jun-93,0.476
8-Jun-93,0.482
8-Jun-93,0.417
8-Jun-93,0.421
10-Jun-93,0.503
10-Jun-93,0.429
10-Jun-93,0.401
26-Jun-93,0.508
26-Jun-93,0.336
1-Jul-93,0.393
1-Jul-93,0.392
26-Jul-93,0.463
26-Jul-93,0.365
26-Jul-93,0.342
26-Jul-93,0.276
26-Jul-93,0.305
28-Jul-93,
28-Jul-93,0.318
28-Jul-93,0.274
28-Jul-93,0.285
2-Aug-93,0.153
4-Aug-93,0.295
4-Aug-93,0.336
4-Aug-93,0.284
4-Aug-93,0.268
4-Aug-93,0.276
11-Aug-93,0.336
11-Aug-93,0.322
11-Aug-93,0.276
20-Aug-93,0.31
20-Aug-93,0.416
20-Aug-93,0.295
20-Aug-93,0.25
20-Aug-93,0.252
5-Sep-93,0.415
5-Sep-93,0.217
5-Sep-93,0.227
5-Sep-93,0.231
12-Sep-93,0.381
12-Sep-93,0.294
12-Sep-93,0.217
12-Sep-93,0.216
21-Sep-93,0.253
21-Sep-93,0.433
21-Sep-93,0.244
21-Sep-93,0.194
21-Sep-93,0.164
5-Oct-93,0.24
5-Oct-93,0.237
14-Oct-93,0.3
14-Oct-93,0.22
14-Oct-93,0.268
14-Oct-93,0.209
14-Oct-93,0.213
23-Oct-93,0.17
1-Nov-93,
1-Nov-93,0.193
1-Nov-93,0.185
15-Nov-93,0.102
15-Nov-93,0.214
3-Dec-93,0.357
3-Dec-93,0.4
10-Dec-93,0.257
10-Dec-93,0.505
10-Dec-93,0.335
10-Dec-93,0.406
17-Dec-93,0.28
17-Dec-93,0.286
20-Jan-94,0.453
20-Jan-94,0.447
5-Feb-94,0.459
5-Feb-94,0.479
5-Feb-94,0.494
8-Apr-94,0.559
8-Apr-94,0.536
8-Apr-94,0.467
8-Apr-94,0.427
8-Apr-94,0.431
15-Apr-94,0.559
15-Apr-94,0.563
17-Apr-94,0.561
17-Apr-94,0.423
17-Apr-94,0.416
17-Apr-94,0.454
19-May-94,0.28
19-May-94,0.299
26-May-94,0.088
26-May-94,0.448
26-May-94,0.434
26-May-94,0.372
26-May-94,0.368
2-Jun-94,0.406
2-Jun-94,0.408
13-Jun-94,0.32
13-Jun-94,0.264
13-Jun-94,0.273
18-Jun-94,0.424
18-Jun-94,0.425
29-Jun-94,0.186
29-Jun-94,0.184
4-Jul-94,0.242
6-Jul-94,0.274
6-Jul-94,0.286
6-Jul-94,0.245
6-Jul-94,0.25
13-Jul-94,
13-Jul-94,0.328
13-Jul-94,0.294
13-Jul-94,0.27
15-Jul-94,0.278
20-Jul-94,0.343
20-Jul-94,0.341
22-Jul-94,0.239
22-Jul-94,0.208
22-Jul-94,0.205
29-Jul-94,0.351
29-Jul-94,0.247
29-Jul-94,0.194
29-Jul-94,0.167
29-Jul-94,0.163
31-Jul-94,
31-Jul-94,0.207
5-Aug-94,0.314
5-Aug-94,0.304
7-Aug-94,0.27
7-Aug-94,0.358
7-Aug-94,0.208
7-Aug-94,0.199
7-Aug-94,0.192
14-Aug-94,0.398
14-Aug-94,0.34
14-Aug-94,0.348
14-Aug-94,0.243
14-Aug-94,0.211
16-Aug-94,
16-Aug-94,0.133
21-Aug-94,0.271
21-Aug-94,0.266
23-Aug-94,0.248
1-Sep-94,
1-Sep-94,0.171
6-Sep-94,0.253
6-Sep-94,0.252
15-Sep-94,0.178
15-Sep-94,0.167
15-Sep-94,0.159
17-Sep-94,0.181
17-Sep-94,0.167
17-Sep-94,0.197
17-Sep-94,0.184
22-Sep-94,0.247
22-Sep-94,0.243
24-Sep-94,0.19
24-Sep-94,0.195
24-Sep-94,0.158
1-Oct-94,0.046
1-Oct-94,0.172
1-Oct-94,0.177
1-Oct-94,0.118
1-Oct-94,0.125
3-Oct-94,0.121
3-Oct-94,0.151
8-Oct-94,0.209
8-Oct-94,0.205
10-Oct-94,0.161
10-Oct-94,0.272
10-Oct-94,0.152
10-Oct-94,0.147
10-Oct-94,0.143
17-Oct-94,0.075
17-Oct-94,0.177
17-Oct-94,0.161
19-Oct-94,0.143
19-Oct-94,0.114
24-Oct-94,0.138
24-Oct-94,0.14
2-Nov-94,0.181
2-Nov-94,0.184
2-Nov-94,0.187
2-Nov-94,0.18
2-Nov-94,0.217
4-Nov-94,0.171
4-Nov-94,0.217
11-Nov-94,0.362
11-Nov-94,0.213
11-Nov-94,0.208
11-Nov-94,0.249
18-Nov-94,0.324
18-Nov-94,0.268
18-Nov-94,0.276
18-Nov-94,0.197
18-Nov-94,0.21
20-Nov-94,
20-Nov-94,0.192
20-Nov-94,0.211
20-Nov-94,0.203
25-Nov-94,0.121
27-Nov-94,0.166
27-Nov-94,0.243
4-Dec-94,0.105
4-Dec-94,0.275
6-Dec-94,0.228
6-Dec-94,0.272
11-Dec-94,0.248
20-Dec-94,0.294
20-Dec-94,0.338
20-Dec-94,0.335
20-Dec-94,0.324
22-Dec-94,0.315
22-Dec-94,0.316
27-Dec-94,0.361
27-Dec-94,0.35
29-Dec-94,0.381
29-Dec-94,0.561
29-Dec-94,0.349
7-Jan-95,0.36
12-Jan-95,0.432
12-Jan-95,0.423
21-Jan-95,0.235
23-Jan-95,
23-Jan-95,0.509
23-Jan-95,0.533
30-Jan-95,0.481
30-Jan-95,0.514
6-Feb-95,0.292
6-Feb-95,0.499
6-Feb-95,0.526
8-Feb-95,
8-Feb-95,0.389
8-Feb-95,0.388
8-Feb-95,0.33
15-Feb-95,0.572
15-Feb-95,0.481
15-Feb-95,0.452
22-Feb-95,0.404
24-Feb-95,0.46
10-Mar-95,0.426
10-Mar-95,0.532
10-Mar-95,0.556
12-Mar-95,0.485
12-Mar-95,0.448
17-Mar-95,0.499
19-Mar-95,0.568
19-Mar-95,0.481
19-Mar-95,0.483
19-Mar-95,0.553
19-Mar-95,0.521
26-Mar-95,0.553
26-Mar-95,0.518
26-Mar-95,0.449
26-Mar-95,0.389
26-Mar-95,0.425
28-Mar-95,0.484
28-Mar-95,0.461
28-Mar-95,0.413
2-Apr-95,0.488
4-Apr-95,0.539
4-Apr-95,0.507
4-Apr-95,0.562
4-Apr-95,0.55
4-Apr-95,0.518
13-Apr-95,0.323
20-Apr-95,0.572
20-Apr-95,0.486
22-May-95,0.52
22-May-95,0.568
22-May-95,0.421
22-May-95,0.36
22-May-95,0.353
7-Jun-95,0.407
7-Jun-95,0.406
7-Jun-95,0.368
7-Jun-95,0.315
7-Jun-95,0.272
14-Jun-95,0.527
14-Jun-95,0.426
14-Jun-95,0.435
14-Jun-95,0.348
14-Jun-95,0.33
16-Jun-95,
16-Jun-95,0.315
16-Jun-95,0.315
16-Jun-95,0.288
23-Jun-95,0.457
23-Jun-95,0.474
23-Jun-95,0.355
23-Jun-95,0.298
23-Jun-95,0.333
30-Jun-95,0.459
30-Jun-95,0.458
30-Jun-95,0.452
30-Jun-95,0.332
30-Jun-95,0.305
2-Jul-95,
2-Jul-95,0.29
2-Jul-95,0.296
2-Jul-95,0.26
7-Jul-95,0.336
7-Jul-95,0.335
16-Jul-95,0.206
16-Jul-95,0.287
16-Jul-95,0.277
16-Jul-95,0.266
18-Jul-95,
18-Jul-95,0.265
18-Jul-95,0.254
23-Jul-95,0.307
23-Jul-95,0.304
25-Jul-95,0.34
25-Jul-95,0.325
25-Jul-95,0.238
25-Jul-95,0.224
25-Jul-95,0.148
1-Aug-95,0.406
1-Aug-95,0.291
1-Aug-95,0.284
1-Aug-95,0.218
1-Aug-95,0.215
8-Aug-95,0.334
10-Aug-95,0.335
10-Aug-95,0.466
10-Aug-95,0.278
10-Aug-95,0.217
10-Aug-95,0.218
17-Aug-95,0.231
17-Aug-95,0.224
17-Aug-95,0.195
17-Aug-95,0.16
17-Aug-95,0.192
19-Aug-95,
19-Aug-95,0.153
19-Aug-95,0.169
19-Aug-95,0.182
24-Aug-95,0.299
26-Aug-95,0.365
26-Aug-95,0.176
26-Aug-95,0.179
2-Sep-95,0.379
2-Sep-95,0.293
2-Sep-95,0.24
2-Sep-95,0.186
2-Sep-95,0.187
4-Sep-95,0.187
4-Sep-95,0.183
4-Sep-95,0.188
4-Sep-95,0.146
9-Sep-95,0.256
9-Sep-95,0.251
18-Sep-95,0.402
18-Sep-95,0.301
18-Sep-95,0.299
18-Sep-95,0.192
18-Sep-95,0.177
25-Sep-95,0.248
25-Sep-95,0.245
27-Sep-95,0.242
27-Sep-95,0.368
27-Sep-95,0.16
27-Sep-95,0.124
27-Sep-95,0.149
6-Oct-95,0.194
6-Oct-95,0.162
6-Oct-95,0.177
6-Oct-95,0.148
11-Oct-95,0.223
11-Oct-95,0.219
13-Oct-95,0.179
13-Oct-95,0.164
13-Oct-95,0.141
20-Oct-95,0.265
20-Oct-95,0.233
20-Oct-95,0.256
20-Oct-95,0.18
22-Oct-95,0.131
29-Oct-95,0.247
29-Oct-95,0.338
29-Oct-95,0.189
29-Oct-95,0.151
29-Oct-95,0.127
5-Nov-95,0.262
5-Nov-95,0.231
5-Nov-95,0.289
5-Nov-95,0.206
5-Nov-95,0.192
14-Nov-95,0.237
14-Nov-95,0.318
14-Nov-95,0.171
14-Nov-95,0.097
7-Dec-95,0.232
7-Dec-95,0.217
7-Dec-95,0.201
7-Dec-95,0.198
14-Dec-95,0.315
10-Jan-96,0.601
10-Jan-96,0.499
10-Jan-96,0.499
10-Jan-96,0.518
17-Jan-96,0.213
17-Jan-96,0.369
9-Feb-96,0.3
9-Feb-96,0.576
9-Feb-96,0.56
9-Feb-96,0.518
9-Feb-96,0.508
16-Feb-96,0.525
16-Feb-96,0.519
3-Mar-96,0.629
12-Mar-96,0.286
12-Mar-96,0.563
12-Mar-96,0.51
21-Mar-96,0.581
13-Apr-96,0.513
13-Apr-96,0.477
13-Apr-96,0.517
13-Apr-96,0.546
15-Apr-96,0.491
15-Apr-96,0.551
29-Apr-96,0.483
8-May-96,0.533
8-May-96,0.486
8-May-96,0.365
8-May-96,0.34
8-May-96,0.453
31-May-96,0.543
31-May-96,0.473
2-Jun-96,0.488
2-Jun-96,0.494
2-Jun-96,0.47
7-Jun-96,0.448
7-Jun-96,0.448
9-Jun-96,0.402
9-Jun-96,0.397
9-Jun-96,0.36
9-Jun-96,0.374
9-Jun-96,0.508
18-Jun-96,0.437
18-Jun-96,0.442
18-Jun-96,0.431
18-Jun-96,0.423
25-Jun-96,0.395
25-Jun-96,0.437
25-Jun-96,0.304
25-Jun-96,0.303
25-Jun-96,0.349
2-Jul-96,0.477
2-Jul-96,0.426
2-Jul-96,0.391
2-Jul-96,0.359
2-Jul-96,0.355
4-Jul-96,0.422
4-Jul-96,0.396
4-Jul-96,0.415
4-Jul-96,0.425
18-Jul-96,0.406
18-Jul-96,0.382
18-Jul-96,0.276
27-Jul-96,0.29
27-Jul-96,0.4
27-Jul-96,0.353
27-Jul-96,0.309
3-Aug-96,0.479
3-Aug-96,0.424
3-Aug-96,0.427
3-Aug-96,0.308
3-Aug-96,0.289
5-Aug-96,
5-Aug-96,0.333
5-Aug-96,0.354
5-Aug-96,0.356
10-Aug-96,0.344
10-Aug-96,0.342
12-Aug-96,0.437
12-Aug-96,0.277
12-Aug-96,0.246
12-Aug-96,0.315
21-Aug-96,
21-Aug-96,0.264
21-Aug-96,0.307
26-Aug-96,0.309
26-Aug-96,0.311
28-Aug-96,0.323
28-Aug-96,0.485
28-Aug-96,0.286
28-Aug-96,0.234
28-Aug-96,0.289
4-Sep-96,0.339
4-Sep-96,0.263
4-Sep-96,0.261
4-Sep-96,0.202
6-Sep-96,0.246
6-Sep-96,0.298
11-Sep-96,0.265
13-Sep-96,0.255
13-Sep-96,0.371
13-Sep-96,0.215
13-Sep-96,0.186
13-Sep-96,0.192
22-Sep-96,
22-Sep-96,0.193
29-Sep-96,0.22
29-Sep-96,0.117
15-Oct-96,0.243
15-Oct-96,0.398
15-Oct-96,0.219
15-Oct-96,0.196
15-Oct-96,0.19
29-Oct-96,0.251
31-Oct-96,0.228
31-Oct-96,0.379
31-Oct-96,0.204
31-Oct-96,0.199
31-Oct-96,0.207
9-Nov-96,
9-Nov-96,0.203
9-Nov-96,0.219
9-Nov-96,0.205
23-Nov-96,0.283
23-Nov-96,0.246
23-Nov-96,0.149
25-Nov-96,
25-Nov-96,0.159
25-Nov-96,0.157
25-Nov-96,0.164
30-Nov-96,0.248
30-Nov-96,0.248
2-Dec-96,0.258
2-Dec-96,0.354
2-Dec-96,0.176
2-Dec-96,0.155
2-Dec-96,0.199
9-Dec-96,0.189
9-Dec-96,0.195
11-Dec-96,0.248
11-Dec-96,0.263
25-Dec-96,0.383
25-Dec-96,0.397
25-Dec-96,0.341
25-Dec-96,0.318
27-Dec-96,
27-Dec-96,0.325
12-Jan-97,0.475
12-Jan-97,0.488
28-Jan-97,
28-Jan-97,0.477
28-Jan-97,0.54
28-Jan-97,0.485
2-Feb-97,0.589
2-Feb-97,0.589
11-Feb-97,0.196
11-Feb-97,0.572
11-Feb-97,0.492
11-Feb-97,0.445
13-Feb-97,
27-Feb-97,0.471
27-Feb-97,0.491
27-Feb-97,0.473
1-Mar-97,0.371
22-Mar-97,
24-Mar-97,0.489
31-Mar-97,0.404
31-Mar-97,0.485
31-Mar-97,0.456
31-Mar-97,0.421
20-May-97,
25-May-97,0.484
10-Jun-97,0.404
10-Jun-97,0.405
19-Jun-97,0.364
21-Jun-97,
21-Jun-97,0.385
21-Jun-97,0.405
21-Jun-97,0.396
26-Jun-97,0.405
26-Jun-97,0.406
28-Jun-97,0.398
28-Jun-97,0.54
28-Jun-97,0.388
5-Jul-97,0.463
5-Jul-97,0.332
5-Jul-97,0.286
5-Jul-97,0.305
5-Jul-97,0.326
12-Jul-97,0.29
12-Jul-97,0.289
14-Jul-97,0.417
14-Jul-97,0.359
21-Jul-97,0.173
21-Jul-97,0.306
21-Jul-97,0.319
21-Jul-97,0.297
23-Jul-97,
23-Jul-97,0.342
23-Jul-97,0.345
23-Jul-97,0.353
30-Jul-97,0.21
30-Jul-97,0.382
30-Jul-97,0.308
30-Jul-97,0.286
30-Jul-97,0.272
6-Aug-97,0.429
6-Aug-97,0.343
6-Aug-97,0.355
6-Aug-97,0.26
6-Aug-97,0.237
8-Aug-97,
8-Aug-97,0.259
8-Aug-97,0.274
13-Aug-97,0.293
13-Aug-97,0.29
15-Aug-97,0.215
22-Aug-97,0.4
22-Aug-97,0.318
22-Aug-97,0.346
22-Aug-97,0.253
22-Aug-97,0.236
24-Aug-97,0.195
29-Aug-97,0.261
29-Aug-97,0.259
31-Aug-97,0.282
31-Aug-97,0.444
31-Aug-97,0.259
31-Aug-97,0.21
31-Aug-97,0.272
7-Sep-97,0.246
7-Sep-97,0.199
7-Sep-97,0.19
7-Sep-97,0.205
9-Sep-97,0.183
9-Sep-97,0.199
16-Sep-97,0.194
16-Sep-97,0.335
16-Sep-97,0.118
23-Sep-97,0.341
23-Sep-97,0.255
23-Sep-97,0.259
23-Sep-97,0.218
23-Sep-97,0.212
25-Sep-97,
25-Sep-97,0.182
25-Sep-97,0.213
25-Sep-97,0.199
27-Oct-97,0.269
19-Nov-97,0.172
19-Nov-97,0.175
26-Nov-97,0.409
26-Nov-97,0.297
26-Nov-97,0.255
3-Dec-97,0.347
14-Dec-97,0.365
14-Dec-97,0.421
22-Jan-98,0.459
22-Jan-98,0.482
22-Jan-98,0.475
22-Jan-98,0.578
29-Jan-98,0.531
29-Jan-98,0.493
29-Jan-98,0.425
29-Jan-98,0.438
7-Feb-98,0.509
7-Feb-98,0.558
7-Feb-98,0.533
14-Feb-98,0.419
14-Feb-98,0.531
14-Feb-98,0.572
16-Feb-98,
16-Feb-98,0.563
16-Feb-98,0.549
16-Feb-98,0.517
2-Mar-98,0.569
2-Mar-98,0.535
2-Mar-98,0.46
11-Mar-98,0.47
11-Mar-98,0.548
11-Mar-98,0.437
11-Mar-98,0.458
11-Mar-98,0.519
18-Mar-98,0.52
18-Mar-98,0.474
18-Mar-98,0.445
18-Mar-98,0.399
27-Mar-98,0.489
5-Apr-98,0.521
5-Apr-98,0.551
5-Apr-98,0.516
10-Apr-98,0.401
12-Apr-98,0.398
12-Apr-98,0.451
12-Apr-98,0.525
12-Apr-98,0.545
26-Apr-98,0.498
26-Apr-98,0.496
7-May-98,0.451
7-May-98,0.445
7-May-98,0.428
14-May-98,0.452
14-May-98,0.555
14-May-98,0.472
14-May-98,0.422
14-May-98,0.404
21-May-98,0.432
21-May-98,0.442
21-May-98,0.412
21-May-98,0.386
23-May-98,
23-May-98,0.411
23-May-98,0.368
28-May-98,0.485
30-May-98,0.539
30-May-98,0.486
30-May-98,0.41
30-May-98,0.376
30-May-98,0.383
6-Jun-98,0.483
6-Jun-98,0.343
8-Jun-98,0.5
8-Jun-98,0.331
8-Jun-98,0.298
8-Jun-98,0.24
15-Jun-98,0.486
15-Jun-98,0.48
15-Jun-98,0.401
15-Jun-98,0.343
15-Jun-98,0.362
22-Jun-98,0.347
22-Jun-98,0.374
22-Jun-98,0.359
22-Jun-98,0.267
22-Jun-98,0.285
24-Jun-98,0.331
29-Jun-98,0.323
29-Jun-98,0.323
1-Jul-98,0.403
1-Jul-98,0.425
1-Jul-98,0.301
1-Jul-98,0.27
8-Jul-98,0.418
8-Jul-98,0.393
8-Jul-98,0.403
8-Jul-98,0.292
8-Jul-98,0.281
10-Jul-98,0.429
10-Jul-98,0.276
15-Jul-98,0.359
15-Jul-98,0.358
24-Jul-98,0.182
24-Jul-98,0.194
24-Jul-98,0.236
24-Jul-98,0.25
26-Jul-98,
26-Jul-98,0.276
26-Jul-98,0.27
26-Jul-98,0.269
31-Jul-98,0.181
31-Jul-98,0.178
2-Aug-98,0.194
9-Aug-98,0.125
9-Aug-98,0.287
9-Aug-98,0.266
9-Aug-98,0.219
9-Aug-98,0.225
11-Aug-98,
11-Aug-98,0.176
11-Aug-98,0.216
16-Aug-98,0.274
16-Aug-98,0.272
18-Aug-98,0.318
18-Aug-98,0.233
18-Aug-98,0.188
18-Aug-98,0.198
18-Aug-98,0.197
27-Aug-98,
3-Sep-98,0.286
3-Sep-98,0.173
3-Sep-98,0.159
3-Sep-98,0.165
10-Sep-98,0.351
10-Sep-98,0.255
10-Sep-98,0.239
10-Sep-98,0.181
10-Sep-98,0.191
19-Sep-98,0.277
19-Sep-98,0.329
26-Sep-98,0.355
26-Sep-98,0.238
26-Sep-98,0.241
26-Sep-98,0.183
26-Sep-98,0.194
3-Oct-98,0.223
3-Oct-98,0.221
5-Oct-98,0.253
5-Oct-98,0.4
5-Oct-98,0.193
5-Oct-98,0.166
5-Oct-98,0.122
14-Oct-98,
14-Oct-98,0.175
14-Oct-98,0.175
21-Oct-98,0.348
21-Oct-98,0.195
21-Oct-98,0.191
21-Oct-98,0.179
15-Nov-98,0.401
15-Nov-98,0.236
15-Nov-98,0.227
15-Nov-98,0.218
22-Nov-98,0.238
22-Nov-98,0.365
22-Nov-98,0.266
29-Nov-98,0.241
1-Dec-98,
1-Dec-98,0.263
1-Dec-98,0.252
1-Dec-98,0.299
8-Dec-98,0.399
8-Dec-98,0.288
8-Dec-98,0.26
8-Dec-98,0.39
17-Dec-98,
17-Dec-98,0.314
17-Dec-98,0.355
17-Dec-98,0.401
22-Dec-98,0.349
22-Dec-98,0.349
24-Dec-98,0.196
24-Dec-98,0.422
2-Jan-99,
2-Jan-99,0.32
2-Jan-99,0.383
2-Jan-99,0.452
7-Jan-99,0.35
7-Jan-99,0.348
9-Jan-99,0.363
1-Feb-99,0.472
8-Feb-99,0.579
8-Feb-99,0.581
10-Feb-99,0.377
10-Feb-99,0.313
17-Feb-99,0.332
17-Feb-99,0.433
17-Feb-99,0.477
17-Feb-99,0.427
24-Feb-99,0.386
24-Feb-99,0.378
26-Feb-99,0.41
26-Feb-99,0.441
5-Mar-99,0.56
5-Mar-99,0.566
5-Mar-99,0.498
5-Mar-99,0.427
5-Mar-99,0.429
7-Mar-99,0.509
12-Mar-99,0.412
14-Mar-99,0.522
14-Mar-99,0.491
14-Mar-99,0.477
14-Mar-99,0.512
14-Mar-99,0.513
23-Mar-99,0.518
8-Apr-99,0.446
29-Apr-99,0.387
17-May-99,0.476
17-May-99,0.41
24-May-99,0.534
24-May-99,0.5
24-May-99,0.46
24-May-99,0.455
26-May-99,
26-May-99,0.441
26-May-99,0.446
26-May-99,0.423
2-Jun-99,0.488
2-Jun-99,0.456
2-Jun-99,0.424
2-Jun-99,0.445
2-Jun-99,0.519
11-Jun-99,
27-Jun-99,
5-Jul-99,0.091
5-Jul-99,0.272
5-Jul-99,0.243
22-Aug-99,0.201
22-Aug-99,0.211
22-Aug-99,0.29
22-Aug-99,0.258
28-Aug-99,0.285
28-Aug-99,0.306
28-Aug-99,0.193
28-Aug-99,0.222
28-Aug-99,0.178
29-Aug-99,0.168
29-Aug-99,0.274
29-Aug-99,0.401
29-Aug-99,0.448
29-Aug-99,0.445
30-Aug-99,0.354
30-Aug-99,0.557
30-Aug-99,0.47
30-Aug-99,0.456
5-Sep-99,0.479
5-Sep-99,0.425
5-Sep-99,0.435
20-Sep-99,0.51
21-Sep-99,0.494
21-Sep-99,0.531
22-Sep-99,0.422
22-Sep-99,0.399
22-Sep-99,0.376
14-Oct-99,0.37
14-Oct-99,0.315
16-Oct-99,0.442
16-Oct-99,0.347
23-Oct-99,0.331
23-Oct-99,0.336
23-Oct-99,0.194
25-Oct-99,0.241
25-Oct-99,0.45
25-Oct-99,0.434
1-Nov-99,0.38
1-Nov-99,0.302
8-Nov-99,0.222
8-Nov-99,0.325
17-Nov-99,0.317
17-Nov-99,0.253
17-Nov-99,0.248
17-Nov-99,0.246
24-Nov-99,0.29
26-Nov-99,0.391
26-Nov-99,0.23
26-Nov-99,0.211
26-Nov-99,0.215
1-Dec-99,0.37
1-Dec-99,0.265
3-Dec-99,0.256
3-Dec-99,0.206
3-Dec-99,0.209
10-Dec-99,0.19
10-Dec-99,0.22
10-Dec-99,0.243
10-Dec-99,0.246
10-Dec-99,0.176
19-Dec-99,0.175
19-Dec-99,0.227
26-Dec-99,0.265
26-Dec-99,0.149
12-Jan-00,0.155
20-Jan-00,0.163
20-Jan-00,0.334
26-Jan-00,0.245
27-Jan-00,0.273
29-Jan-00,0.198
29-Jan-00,0.2
29-Jan-00,0.177
29-Jan-00,0.176
3-Feb-00,0.222
3-Feb-00,0.22
5-Feb-00,0.252
5-Feb-00,0.371
11-Feb-00,0.191
11-Feb-00,0.172
12-Feb-00,0.148
12-Feb-00,0.235
12-Feb-00,0.225
12-Feb-00,0.17
12-Feb-00,0.188
21-Feb-00,0.162
21-Feb-00,0.156
21-Feb-00,0.189
21-Feb-00,
21-Feb-00,0.164
1-Mar-00,0.195
1-Mar-00,0.21
6-Mar-00,0.379
6-Mar-00,0.412
8-Mar-00,0.438
15-Mar-00,0.435
15-Mar-00,0.505
15-Mar-00,0.555
15-Mar-00,0.591
16-Mar-00,0.46
16-Mar-00,0.441
16-Mar-00,0.538
16-Mar-00,0.496
16-Mar-00,0.429
25-Mar-00,0.497
25-Mar-00,0.394
31-Mar-00,0.257
31-Mar-00,0.426
31-Mar-00,0.435
31-Mar-00,0.421
2-Apr-00,0.547
2-Apr-00,0.607
16-Apr-00,0.426
16-Apr-00,0.409
18-Apr-00,0.514
18-Apr-00,0.48
23-Apr-00,0.477
23-Apr-00,0.392
25-Apr-00,0.322
25-Apr-00,0.339
25-Apr-00,0.315
25-Apr-00,0.325
25-Apr-00,0.322
2-May-00,0.333
2-May-00,0.271
3-May-00,0.286
3-May-00,0.261
3-May-00,0.259
4-May-00,0.258
4-May-00,0.189
11-May-00,0.402
11-May-00,0.287
18-May-00,0.235
18-May-00,0.318
18-May-00,0.357
19-May-00,0.339
19-May-00,0.354
19-May-00,0.251
19-May-00,0.234
19-May-00,0.316
4-Jun-00,0.25
4-Jun-00,0.276
4-Jun-00,0.202
4-Jun-00,0.213
5-Jun-00,0.188
5-Jun-00,0.159
4-Jul-00,0.172
4-Jul-00,0.163
6-Jul-00,0.238
6-Jul-00,0.239
6-Jul-00,0.226
6-Jul-00,0.34
6-Jul-00,0.156
14-Jul-00,0.154
14-Jul-00,0.142
14-Jul-00,0.213
14-Jul-00,0.195
14-Jul-00,0.23
20-Jul-00,0.237
20-Jul-00,0.274
21-Jul-00,0.423
21-Jul-00,0.498
21-Jul-00,0.371
21-Jul-00,0.341
21-Jul-00,0.315
23-Jul-00,0.337
23-Jul-00,0.293
23-Jul-00,0.27
29-Jul-00,0.194
13-Aug-00,0.427
13-Aug-00,0.258
21-Aug-00,0.421
21-Aug-00,0.425
22-Aug-00,0.288
22-Aug-00,0.505
23-Aug-00,0.487
23-Aug-00,0.493
23-Aug-00,0.55
23-Aug-00,0.51
23-Aug-00,0.508
24-Aug-00,0.554
24-Aug-00,0.542
24-Aug-00,0.548
30-Aug-00,0.549
30-Aug-00,0.434
30-Aug-00,0.495
30-Aug-00,0.391
30-Aug-00,0.415
31-Aug-00,0.421
31-Aug-00,0.43
31-Aug-00,0.428
31-Aug-00,0.471
31-Aug-00,0.452
1-Sep-00,
1-Sep-00,0.363
1-Sep-00,0.354
1-Sep-00,0.098
6-Sep-00,0.393
6-Sep-00,0.389
7-Sep-00,0.432
7-Sep-00,0.518
7-Sep-00,0.44
7-Sep-00,0.399
9-Sep-00,0.39
23-Sep-00,0.407
24-Sep-00,0.344
24-Sep-00,0.337
24-Sep-00,0.326
24-Sep-00,0.396
24-Sep-00,0.356
25-Sep-00,0.353
25-Sep-00,0.449
30-Sep-00,0.542
30-Sep-00,0.436
1-Oct-00,0.377
1-Oct-00,0.285
1-Oct-00,0.284
1-Oct-00,0.325
1-Oct-00,0.41
2-Oct-00,0.381
2-Oct-00,0.382
2-Oct-00,0.467
2-Oct-00,0.526
2-Oct-00,0.38
3-Oct-00,0.332
3-Oct-00,0.413
8-Oct-00,
8-Oct-00,0.316
9-Oct-00,0.357
9-Oct-00,0.377
9-Oct-00,0.148
9-Oct-00,0.098
9-Oct-00,0.359
10-Oct-00,0.364
10-Oct-00,0.227
10-Oct-00,0.246
10-Oct-00,0.371
10-Oct-00,0.332
11-Oct-00,0.323
11-Oct-00,0.34
17-Oct-00,0.185
17-Oct-00,0.233
17-Oct-00,0.484
17-Oct-00,0.329
18-Oct-00,0.325
19-Oct-00,0.218
19-Oct-00,0.209
19-Oct-00,0.415
3-Nov-00,0.531
4-Nov-00,0.521
4-Nov-00,0.499
4-Nov-00,0.517
4-Nov-00,0.584
5-Dec-00,0.405
12-Dec-00,0.528
12-Dec-00,0.564
12-Dec-00,0.549
12-Dec-00,0.559
19-Dec-00,0.565
19-Dec-00,0.455
21-Dec-00,0.534
21-Dec-00,0.553
21-Dec-00,0.484
21-Dec-00,0.504
22-Dec-00,0.564
22-Dec-00,0.411
29-Dec-00,0.386
29-Dec-00,0.405
30-Dec-00,0.422
30-Dec-00,0.421
30-Dec-00,0.403
6-Jan-01,0.369
6-Jan-01,0.347
6-Jan-01,0.53
7-Jan-01,0.454
7-Jan-01,0.419
7-Jan-01,0.331
22-Jan-01,0.332
22-Jan-01,0.222
29-Jan-01,0.264
29-Jan-01,0.386
7-Feb-01,0.379
7-Feb-01,0.396
14-Feb-01,0.264
14-Feb-01,0.254
14-Feb-01,0.231
14-Feb-01,0.229
14-Feb-01,0.292
15-Feb-01,0.287
15-Feb-01,0.351
15-Feb-01,0.494
16-Feb-01,0.295
16-Feb-01,0.238
21-Feb-01,0.237
21-Feb-01,0.175
22-Feb-01,0.169
22-Feb-01,0.187
22-Feb-01,0.193
22-Feb-01,0.143
23-Feb-01,0.126
23-Feb-01,0.161
2-Mar-01,0.229
2-Mar-01,0.228
2-Mar-01,0.287
2-Mar-01,0.377
2-Mar-01,0.195
4-Mar-01,0.165
4-Mar-01,0.102
4-Mar-01,0.332
4-Mar-01,0.208
10-Mar-01,0.208
10-Mar-01,0.134
10-Mar-01,0.149
10-Mar-01,0.228
11-Mar-01,0.226
12-Mar-01,0.241
12-Mar-01,0.333
18-Mar-01,0.161
25-Mar-01,0.144
26-Mar-01,0.135
26-Mar-01,0.338
26-Mar-01,0.231
27-Mar-01,0.151
27-Mar-01,0.15
27-Mar-01,0.168
27-Mar-01,0.176
3-Apr-01,0.224
3-Apr-01,0.213
3-Apr-01,0.221
3-Apr-01,0.175
5-Apr-01,0.181
5-Apr-01,0.162
5-Apr-01,0.16
5-Apr-01,0.17
10-Apr-01,0.181
10-Apr-01,0.251
12-Apr-01,0.261
12-Apr-01,0.284
12-Apr-01,0.226
12-Apr-01,0.243
12-Apr-01,0.154
19-Apr-01,0.16
19-Apr-01,0.209
19-Apr-01,0.167
19-Apr-01,0.444
19-Apr-01,0.521
21-Apr-01,0.486
21-Apr-01,0.468
21-Apr-01,0.455
26-Apr-01,0.357
26-Apr-01,0.439
28-Apr-01,0.323
28-Apr-01,0.407
28-Apr-01,0.432
28-Apr-01,0.425
28-Apr-01,0.472
4-May-01,0.419
4-May-01,0.318
5-May-01,0.519
5-May-01,0.513
5-May-01,0.506
5-May-01,0.491
7-May-01,0.425
14-May-01,0.335
14-May-01,0.365
14-May-01,0.428
23-May-01,0.425
7-Jun-01,0.293
7-Jun-01,0.492
7-Jun-01,0.453
7-Jun-01,0.405
15-Jun-01,0.411
16-Jun-01,0.507
1-Jul-01,0.456
1-Jul-01,0.42
9-Jul-01,0.369
9-Jul-01,0.37
9-Jul-01,0.447
9-Jul-01,0.425
9-Jul-01,0.428
10-Jul-01,0.378
17-Jul-01,0.303
17-Jul-01,0.342
17-Jul-01,0.406
17-Jul-01,0.508
17-Jul-01,0.374
8-Aug-01,0.342
8-Aug-01,0.286
9-Aug-01,
9-Aug-01,0.395
9-Aug-01,0.391
9-Aug-01,0.471
10-Aug-01,0.579
10-Aug-01,0.381
10-Aug-01,0.324
10-Aug-01,0.374
10-Aug-01,0.359
11-Aug-01,0.354
11-Aug-01,0.32
11-Aug-01,0.322
11-Aug-01,0.259
16-Aug-01,0.273
16-Aug-01,0.323
17-Aug-01,0.204
17-Aug-01,0.321
17-Aug-01,0.276
17-Aug-01,0.183
17-Aug-01,0.231
18-Aug-01,0.277
18-Aug-01,0.271
18-Aug-01,0.219
18-Aug-01,0.315
18-Aug-01,0.435
25-Aug-01,0.308
25-Aug-01,0.264
25-Aug-01,0.297
25-Aug-01,0.26
25-Aug-01,0.252
27-Aug-01,0.316
27-Aug-01,0.42
27-Aug-01,0.244
27-Aug-01,0.203
1-Sep-01,0.191
3-Sep-01,0.287
3-Sep-01,0.282
3-Sep-01,0.162
3-Sep-01,0.179
3-Sep-01,0.155
10-Sep-01,0.341
10-Sep-01,0.286
10-Sep-01,0.288
10-Sep-01,0.196
10-Sep-01,0.191
17-Sep-01,0.194
17-Sep-01,0.198
19-Sep-01,0.356
19-Sep-01,0.265
19-Sep-01,0.272
19-Sep-01,0.18
19-Sep-01,0.19
26-Sep-01,0.153
26-Sep-01,0.17
26-Sep-01,0.176
26-Sep-01,0.121
26-Sep-01,0.135
28-Sep-01,0.163
28-Sep-01,0.178
28-Sep-01,0.173
28-Sep-01,0.142
3-Oct-01,0.134
3-Oct-01,0.128
5-Oct-01,0.276
12-Oct-01,0.248
12-Oct-01,0.275
12-Oct-01,0.202
12-Oct-01,0.219
14-Oct-01,0.246
14-Oct-01,0.367
19-Oct-01,0.183
19-Oct-01,0.145
21-Oct-01,0.171
21-Oct-01,0.286
21-Oct-01,0.247
21-Oct-01,0.199
21-Oct-01,0.174
28-Oct-01,0.206
28-Oct-01,0.328
28-Oct-01,0.177
28-Oct-01,0.266
28-Oct-01,0.342
4-Nov-01,0.277
6-Nov-01,0.35
6-Nov-01,0.292
6-Nov-01,0.25
6-Nov-01,0.216
6-Nov-01,0.353
13-Nov-01,0.291
13-Nov-01,0.384
13-Nov-01,0.4
13-Nov-01,0.421
13-Nov-01,0.425
15-Nov-01,0.324
15-Nov-01,0.401
15-Nov-01,0.318
15-Nov-01,0.48
20-Nov-01,0.462
20-Nov-01,0.426
22-Nov-01,0.503
22-Nov-01,0.496
22-Nov-01,0.497
22-Nov-01,0.549
22-Nov-01,0.549
29-Nov-01,0.464
29-Nov-01,0.469
29-Nov-01,0.546
29-Nov-01,0.625
29-Nov-01,0.468
1-Dec-01,0.547
1-Dec-01,0.509
1-Dec-01,0.42
1-Dec-01,0.444
6-Dec-01,0.488
8-Dec-01,0.503
8-Dec-01,0.295
8-Dec-01,0.425
8-Dec-01,0.453
8-Dec-01,0.518
15-Dec-01,0.504
15-Dec-01,0.425
15-Dec-01,0.485
15-Dec-01,0.542
15-Dec-01,0.523
17-Dec-01,0.45
17-Dec-01,0.44
17-Dec-01,0.403
17-Dec-01,0.483
24-Dec-01,0.52
24-Dec-01,0.416
31-Dec-01,0.453
2-Jan-02,0.494
9-Jan-02,0.491
9-Jan-02,0.352
9-Jan-02,0.341
9-Jan-02,0.41
9-Jan-02,0.377
18-Jan-02,0.349
18-Jan-02,0.238
25-Jan-02,0.36
25-Jan-02,0.399
25-Jan-02,0.409
8-Feb-02,0.429
10-Feb-02,0.408
10-Feb-02,0.322
10-Feb-02,0.274
10-Feb-02,0.271
17-Feb-02,
17-Feb-02,0.387
24-Feb-02,0.325
24-Feb-02,0.285
26-Feb-02,0.228
26-Feb-02,0.208
26-Feb-02,
26-Feb-02,0.291
5-Mar-02,0.31
5-Mar-02,0.368
5-Mar-02,0.33
5-Mar-02,0.447
7-Mar-02,0.281
7-Mar-02,
7-Mar-02,0.266
12-Mar-02,0.29
14-Mar-02,0.315
14-Mar-02,0.217
14-Mar-02,0.207
14-Mar-02,0.172
14-Mar-02,0.187
21-Mar-02,0.19
21-Mar-02,
21-Mar-02,0.243
23-Mar-02,0.27
23-Mar-02,0.288
28-Mar-02,0.25
28-Mar-02,0.244
6-Apr-02,0.236
6-Apr-02,0.182
6-Apr-02,0.186
6-Apr-02,
22-Apr-02,0.188
22-Apr-02,0.21
22-Apr-02,0.186
22-Apr-02,0.207
22-Apr-02,0.202
24-Apr-02,0.265
24-Apr-02,0.282
24-Apr-02,0.168
24-Apr-02,0.171
29-Apr-02,0.182
1-May-02,0.49
8-May-02,0.438
8-May-02,0.416
8-May-02,0.344
8-May-02,0.467
8-May-02,0.504
15-May-02,0.469
15-May-02,
26-May-02,0.532
26-May-02,0.566
26-May-02,0.547
26-May-02,0.441
31-May-02,0.463
31-May-02,0.398
2-Jun-02,0.317
2-Jun-02,0.438
2-Jun-02,0.462
2-Jun-02,0.471
2-Jun-02,0.44
11-Jun-02,0.462
11-Jun-02,0.534
11-Jun-02,0.546
11-Jun-02,0.587
16-Jun-02,0.507
16-Jun-02,0.483
18-Jun-02,0.49
18-Jun-02,0.506
18-Jun-02,0.462
18-Jun-02,0.496
18-Jun-02,0.529
27-Jun-02,0.343
27-Jun-02,0.443
27-Jun-02,0.493
2-Jul-02,0.515
2-Jul-02,0.514
4-Jul-02,0.319
4-Jul-02,0.464
11-Jul-02,0.498
11-Jul-02,0.418
11-Jul-02,0.427
11-Jul-02,0.461
11-Jul-02,0.441
13-Jul-02,0.408
13-Jul-02,0.387
13-Jul-02,0.518
13-Jul-02,0.517
18-Jul-02,0.472
18-Jul-02,0.385
27-Jul-02,0.395
27-Jul-02,0.421
27-Jul-02,0.491
27-Jul-02,0.469
27-Jul-02,0.396
29-Jul-02,0.315
29-Jul-02,0.343
29-Jul-02,0.363
29-Jul-02,0.453
12-Aug-02,0.45
14-Aug-02,0.302
14-Aug-02,0.486
14-Aug-02,0.403
14-Aug-02,0.374
19-Aug-02,0.386
19-Aug-02,0.331
21-Aug-02,0.433
21-Aug-02,0.406
21-Aug-02,0.332
21-Aug-02,0.348
21-Aug-02,
28-Aug-02,0.375
28-Aug-02,0.436
28-Aug-02,0.434
28-Aug-02,0.278
28-Aug-02,0.348
30-Aug-02,0.328
30-Aug-02,0.482
30-Aug-02,0.391
30-Aug-02,0.357
4-Sep-02,0.29
6-Sep-02,
6-Sep-02,0.392
6-Sep-02,0.39
6-Sep-02,0.425
6-Sep-02,0.41
13-Sep-02,0.36
13-Sep-02,0.427
13-Sep-02,0.412
20-Sep-02,0.415
20-Sep-02,0.318
22-Sep-02,0.371
22-Sep-02,0.369
22-Sep-02,0.361
22-Sep-02,0.239
22-Sep-02,0.398
29-Sep-02,0.325
29-Sep-02,0.244
29-Sep-02,0.276
29-Sep-02,0.212
29-Sep-02,0.26
1-Oct-02,0.239
1-Oct-02,0.246
1-Oct-02,0.298
1-Oct-02,0.294
6-Oct-02,0.338
6-Oct-02,0.277
8-Oct-02,0.236
8-Oct-02,0.252
8-Oct-02,0.129
8-Oct-02,0.264
8-Oct-02,0.215
15-Oct-02,0.179
15-Oct-02,0.209
15-Oct-02,
15-Oct-02,0.23
15-Oct-02,0.232
24-Oct-02,0.245
24-Oct-02,0.187
24-Oct-02,0.175
31-Oct-02,0.281
18-Nov-02,0.416
18-Nov-02,0.261
18-Nov-02,0.226
23-Nov-02,0.204
23-Nov-02,0.25
25-Nov-02,0.254
25-Nov-02,0.265
25-Nov-02,0.238
2-Dec-02,0.233
2-Dec-02,0.212
2-Dec-02,0.229
2-Dec-02,0.212
2-Dec-02,0.19
4-Dec-02,0.269
4-Dec-02,0.264
4-Dec-02,0.321
4-Dec-02,0.424
9-Dec-02,0.222
9-Dec-02,0.195
18-Dec-02,0.168
18-Dec-02,0.373
18-Dec-02,0.265
18-Dec-02,0.239
18-Dec-02,0.171
20-Dec-02,0.186
20-Dec-02,0.169
25-Dec-02,0.131
25-Dec-02,0.152
27-Dec-02,0.224
27-Dec-02,0.221
3-Jan-03,0.188
5-Jan-03,0.339
10-Jan-03,0.227
10-Jan-03,0.195
12-Jan-03,0.143
19-Jan-03,0.246
19-Jan-03,0.211
19-Jan-03,0.242
19-Jan-03,0.174
19-Jan-03,0.182
21-Jan-03,0.252
21-Jan-03,0.389
21-Jan-03,0.193
21-Jan-03,0.171
26-Jan-03,0.139
28-Jan-03,
6-Feb-03,0.181
6-Feb-03,0.155
6-Feb-03,0.151
11-Feb-03,0.175
13-Feb-03,0.132
13-Feb-03,0.166
20-Feb-03,0.177
20-Feb-03,0.177
20-Feb-03,0.363
20-Feb-03,0.521
22-Feb-03,0.581
22-Feb-03,0.289
22-Feb-03,0.173
22-Feb-03,0.399
27-Feb-03,0.483
27-Feb-03,0.519
1-Mar-03,0.531
1-Mar-03,0.504
1-Mar-03,0.532
1-Mar-03,0.507
1-Mar-03,0.524
8-Mar-03,0.562
8-Mar-03,0.374
8-Mar-03,0.563
10-Mar-03,0.493
10-Mar-03,0.362
17-Mar-03,0.317
24-Mar-03,0.481
26-Mar-03,0.425
2-Apr-03,0.519
2-Apr-03,0.563
9-Apr-03,0.523
9-Apr-03,0.508
11-Apr-03,0.434
11-Apr-03,0.421
11-Apr-03,0.445
18-Apr-03,0.438
18-Apr-03,0.492
18-Apr-03,0.448
18-Apr-03,0.414
18-Apr-03,0.479
27-Apr-03,0.488
2-May-03,0.5
4-May-03,0.484
11-May-03,0.401
11-May-03,0.383
11-May-03,0.365
11-May-03,0.412
13-May-03,0.428
23-Jul-03,0.325
6-Aug-03,0.455
6-Aug-03,0.35
8-Aug-03,0.351
8-Aug-03,0.491
8-Aug-03,0.362
8-Aug-03,0.327
8-Aug-03,0.382
15-Aug-03,0.382
15-Aug-03,0.302
15-Aug-03,0.298
17-Aug-03,0.243
17-Aug-03,0.448
17-Aug-03,0.366
17-Aug-03,0.337
31-Aug-03,0.461
2-Oct-03,0.371
4-Oct-03,0.352
4-Oct-03,0.29
4-Oct-03,0.294
4-Oct-03,0.332
11-Oct-03,0.274
11-Oct-03,0.337
11-Oct-03,0.336
11-Oct-03,0.331
11-Oct-03,0.444
25-Oct-03,0.315
25-Oct-03,0.272
3-Nov-03,0.294
3-Nov-03,0.203
3-Nov-03,0.251
3-Nov-03,0.19
5-Nov-03,0.145
5-Nov-03,0.262
5-Nov-03,0.202
5-Nov-03,0.23
11-Nov-03,0.189
11-Nov-03,0.193
11-Nov-03,0.204
11-Nov-03,0.19
11-Nov-03,0.376
12-Nov-03,0.214
12-Nov-03,0.182
12-Nov-03,0.313
12-Nov-03,0.328
12-Nov-03,0.352
13-Nov-03,0.238
13-Nov-03,0.233
13-Nov-03,0.224
13-Nov-03,0.265
18-Nov-03,0.293
18-Nov-03,0.408
19-Nov-03,0.41
19-Nov-03,0.369
19-Nov-03,0.448
19-Nov-03,0.305
19-Nov-03,0.202
20-Nov-03,0.33
20-Nov-03,0.224
20-Nov-03,0.276
20-Nov-03,0.268
20-Nov-03,0.31
21-Nov-03,0.343
21-Nov-03,0.344
21-Nov-03,0.393
21-Nov-03,0.337
26-Nov-03,0.398
27-Nov-03,0.4
4-Dec-03,0.488
5-Dec-03,0.549
5-Dec-03,0.457
5-Dec-03,0.464
6-Dec-03,0.426
6-Dec-03,0.449
6-Dec-03,0.463
7-Dec-03,0.486
7-Dec-03,
7-Dec-03,0.444
7-Dec-03,0.499
12-Dec-03,0.498
12-Dec-03,0.455
14-Dec-03,0.407
14-Dec-03,0.445
21-Dec-03,0.567
22-Dec-03,0.474
22-Dec-03,0.412
22-Dec-03,0.55
22-Dec-03,0.519
22-Dec-03,0.451
28-Dec-03,0.461
28-Dec-03,0.451
30-Dec-03,0.512
31-Dec-03,0.434
31-Dec-03,0.568
31-Dec-03,0.545
6-Jan-04,0.525
8-Jan-04,0.506
8-Jan-04,0.45
15-Jan-04,0.461
15-Jan-04,0.4
15-Jan-04,0.475
15-Jan-04,0.445
22-Jan-04,0.446
22-Jan-04,0.445
22-Jan-04,0.285
22-Jan-04,0.319
7-Feb-04,
7-Feb-04,0.214
9-Feb-04,0.239
9-Feb-04,0.221
9-Feb-04,0.396
16-Feb-04,0.357
23-Feb-04,0.309
23-Feb-04,0.239
25-Feb-04,0.45
25-Feb-04,0.301
2-Mar-04,0.323
2-Mar-04,0.497
2-Mar-04,0.416
3-Mar-04,0.404
3-Mar-04,0.495
4-Mar-04,0.314
4-Mar-04,0.521
10-Mar-04,0.562
11-Mar-04,0.587
11-Mar-04,0.578
11-Mar-04,0.572
12-Mar-04,0.524
12-Mar-04,0.445
12-Mar-04,0.433
17-Mar-04,0.494
19-Mar-04,0.567
19-Mar-04,0.416
19-Mar-04,0.393
26-Mar-04,0.337
26-Mar-04,0.301
26-Mar-04,0.318
26-Mar-04,0.422
26-Mar-04,0.373
27-Mar-04,0.427
27-Mar-04,0.282
27-Mar-04,0.255
27-Mar-04,0.262
27-Mar-04,0.205
28-Mar-04,0.214
28-Mar-04,0.248
28-Mar-04,0.263
28-Mar-04,0.206
10-Apr-04,
11-Apr-04,0.191
11-Apr-04,0.211
11-Apr-04,0.22
12-Apr-04,0.377
12-Apr-04,0.188
12-Apr-04,0.276
19-Apr-04,0.49
19-Apr-04,0.278
19-Apr-04,0.4
19-Apr-04,0.362
26-Apr-04,0.284
26-Apr-04,0.312
28-Apr-04,0.34
28-Apr-04,0.369
4-May-04,0.438
4-May-04,0.275
6-May-04,0.248
6-May-04,0.309
13-May-04,0.248
23-May-04,0.225
23-May-04,0.242
23-May-04,0.369
23-May-04,0.273
28-May-04,0.239
28-May-04,0.234
29-May-04,0.288
30-May-04,0.37
30-May-04,0.294
30-May-04,0.206
30-May-04,0.205
30-May-04,0.179
31-May-04,0.135
6-Jun-04,0.13
7-Jun-04,0.233
13-Jun-04,0.238
13-Jun-04,0.4
14-Jun-04,0.255
14-Jun-04,0.304
14-Jun-04,0.2
14-Jun-04,0.231
15-Jun-04,0.307
15-Jun-04,0.248
15-Jun-04,
15-Jun-04,0.284
15-Jun-04,0.32
16-Jun-04,0.374
16-Jun-04,0.278
22-Jun-04,0.27
22-Jun-04,0.313
22-Jun-04,0.401
22-Jun-04,0.227
22-Jun-04,0.418
24-Jun-04,0.331
24-Jun-04,0.328
29-Jun-04,0.246
29-Jun-04,0.234
30-Jun-04,0.289
30-Jun-04,0.45
1-Jul-04,0.302
1-Jul-04,0.285
1-Jul-04,0.494
1-Jul-04,0.497
1-Jul-04,0.444
2-Jul-04,
2-Jul-04,0.437
10-Jul-04,0.386
10-Jul-04,0.351
10-Jul-04,0.33
10-Jul-04,0.329
15-Jul-04,0.402
15-Jul-04,0.422
17-Jul-04,0.586
17-Jul-04,0.54
17-Jul-04,0.498
17-Jul-04,0.426
17-Jul-04,0.412
23-Jul-04,0.581
23-Jul-04,0.529
25-Jul-04,0.609
25-Jul-04,0.575
25-Jul-04,0.491
25-Jul-04,0.464
31-Jul-04,0.542
31-Jul-04,0.478
1-Aug-04,0.475
1-Aug-04,0.511
1-Aug-04,0.484
1-Aug-04,0.523
1-Aug-04,0.511
2-Aug-04,0.444
2-Aug-04,0.574
2-Aug-04,0.503
8-Aug-04,0.455
8-Aug-04,0.431
10-Aug-04,
10-Aug-04,0.505
10-Aug-04,0.582
10-Aug-04,0.583
10-Aug-04,
17-Aug-04,0.537
17-Aug-04,0.569
17-Aug-04,0.565
17-Aug-04,0.396
17-Aug-04,0.482
19-Aug-04,0.452
25-Aug-04,0.521
25-Aug-04,0.585
25-Aug-04,0.458
25-Aug-04,0.513
25-Aug-04,0.467
26-Aug-04,0.503
26-Aug-04,0.517
26-Aug-04,0.485
26-Aug-04,0.393
26-Aug-04,0.48
4-Sep-04,0.45
4-Sep-04,
11-Sep-04,0.39
11-Sep-04,0.332
11-Sep-04,0.449
20-Sep-04,0.316
20-Sep-04,0.314
20-Sep-04,0.365
20-Sep-04,0.451
25-Sep-04,0.337
25-Sep-04,0.385
27-Sep-04,0.306
27-Sep-04,0.289
11-Oct-04,
11-Oct-04,0.208
22-Oct-04,0.233
22-Oct-04,0.129
22-Oct-04,0.128
29-Oct-04,0.206
7-Nov-04,0.213
12-Nov-04,0.189
14-Nov-04,0.264
14-Nov-04,0.281
23-Nov-04,0.287
23-Nov-04,0.477
30-Nov-04,0.291
1-Jan-05,0.232
10-Jan-05,0.244
24-Jan-05,0.355
24-Jan-05,0.287
24-Jan-05,0.299
24-Jan-05,0.212
2-Feb-05,0.146
2-Feb-05,0.176
2-Feb-05,0.185
8-Feb-05,0.153
9-Feb-05,0.228
9-Feb-05,0.225
9-Feb-05,0.265
10-Feb-05,0.43
10-Feb-05,0.231
10-Feb-05,0.191
10-Feb-05,0.159
10-Feb-05,0.328
11-Feb-05,0.253
11-Feb-05,0.264
11-Feb-05,0.192
11-Feb-05,0.195
16-Feb-05,0.168
17-Feb-05,0.173
17-Feb-05,0.163
17-Feb-05,0.166
17-Feb-05,0.271
17-Feb-05,0.371
18-Feb-05,0.383
18-Feb-05,0.361
18-Feb-05,0.369
18-Feb-05,0.543
18-Feb-05,0.542
19-Feb-05,0.432
19-Feb-05,0.279
19-Feb-05,0.361
19-Feb-05,0.522
25-Feb-05,0.47
25-Feb-05,0.514
25-Feb-05,0.574
25-Feb-05,0.471
4-Mar-05,0.568
6-Mar-05,0.56
6-Mar-05,0.218
7-Mar-05,0.47
7-Mar-05,0.347
7-Mar-05,0.353
13-Mar-05,0.173
15-Mar-05,0.42
15-Mar-05,0.552
15-Mar-05,0.433
20-Mar-05,0.426
20-Mar-05,0.36
22-Mar-05,0.334
22-Mar-05,0.433
22-Mar-05,0.408
22-Mar-05,0.511
22-Mar-05,0.493
29-Mar-05,0.517
29-Mar-05,0.451
29-Mar-05,0.536
29-Mar-05,0.506
31-Mar-05,0.473
31-Mar-05,0.378
31-Mar-05,0.322
31-Mar-05,0.414
5-Apr-05,0.456
5-Apr-05,0.465
7-Apr-05,0.522
7-Apr-05,
7-Apr-05,0.259
14-Apr-05,0.203
16-Apr-05,0.531
16-Apr-05,0.515
16-Apr-05,0.429
16-Apr-05,0.504
23-Apr-05,0.316
23-Apr-05,0.443
23-Apr-05,0.471
24-Apr-05,0.436
24-Apr-05,
24-Apr-05,0.499
30-Apr-05,0.511
30-Apr-05,0.534
2-May-05,0.45
7-May-05,0.444
7-May-05,0.323
9-May-05,0.262
9-May-05,0.462
9-May-05,0.49
16-May-05,0.574
16-May-05,0.457
16-May-05,0.494
17-May-05,0.405
17-May-05,0.475
17-May-05,0.478
17-May-05,0.602
17-May-05,0.547
18-May-05,0.521
18-May-05,0.43
18-May-05,0.433
18-May-05,0.487
25-May-05,0.541
1-Jun-05,0.495
1-Jun-05,0.53
1-Jun-05,0.596
1-Jun-05,0.469
1-Jun-05,0.463
3-Jun-05,0.453
3-Jun-05,0.479
3-Jun-05,0.426
9-Jun-05,0.483
9-Jun-05,0.476
9-Jun-05,0.416
9-Jun-05,0.512
9-Jun-05,0.423
10-Jun-05,0.291
10-Jun-05,0.424
10-Jun-05,0.381
11-Jun-05,0.37
11-Jun-05,0.441
16-Jun-05,0.33
16-Jun-05,0.298
19-Jun-05,0.382
26-Jun-05,0.224
26-Jun-05,0.269
11-Jul-05,0.267
11-Jul-05,0.254
11-Jul-05,0.29
11-Jul-05,0.223
11-Jul-05,0.271
18-Jul-05,0.322
18-Jul-05,0.295
19-Jul-05,0.293
19-Jul-05,0.326
20-Jul-05,0.491
20-Jul-05,0.293
20-Jul-05,0.234
20-Jul-05,0.273
20-Jul-05,0.251
21-Jul-05,0.329
28-Jul-05,0.313
28-Jul-05,0.252
28-Jul-05,0.248
28-Jul-05,0.291
28-Jul-05,0.232
6-Aug-05,0.237
6-Aug-05,0.213
6-Aug-05,0.262
6-Aug-05,0.295
11-Aug-05,0.396
11-Aug-05,0.24
14-Aug-05,0.199
14-Aug-05,0.207
14-Aug-05,0.357
14-Aug-05,0.302
20-Aug-05,0.311
20-Aug-05,0.223
22-Aug-05,0.223
22-Aug-05,0.218
22-Aug-05,0.214
27-Aug-05,0.243
27-Aug-05,0.424
29-Aug-05,0.243
29-Aug-05,0.211
29-Aug-05,0.239
29-Aug-05,0.34
30-Aug-05,0.286
30-Aug-05,0.3
30-Aug-05,0.21
4-Sep-05,0.215
4-Sep-05,0.18
5-Sep-05,0.182
5-Sep-05,0.191
5-Sep-05,0.145
5-Sep-05,0.241
5-Sep-05,0.236
6-Sep-05,0.197
6-Sep-05,0.185
6-Sep-05,0.175
6-Sep-05,0.193
6-Sep-05,0.221
7-Sep-05,0.24
7-Sep-05,0.198
12-Sep-05,0.246
12-Sep-05,0.241
13-Sep-05,0.257
13-Sep-05,0.332
13-Sep-05,0.211
13-Sep-05,0.191
13-Sep-05,0.236
14-Sep-05,0.262
14-Sep-05,0.261
14-Sep-05,0.273
14-Sep-05,0.233
20-Sep-05,0.25
20-Sep-05,0.242
21-Sep-05,0.303
21-Sep-05,0.39
21-Sep-05,0.232
22-Sep-05,0.235
22-Sep-05,0.258
22-Sep-05,0.253
22-Sep-05,0.271
22-Sep-05,0.318
23-Sep-05,0.258
29-Sep-05,0.265
29-Sep-05,0.202
29-Sep-05,0.195
30-Sep-05,0.21
1-Oct-05,0.173
1-Oct-05,0.229
1-Oct-05,0.229
7-Oct-05,0.302
7-Oct-05,0.434
9-Oct-05,0.27
9-Oct-05,0.257
9-Oct-05,0.31
9-Oct-05,0.276
16-Oct-05,0.296
16-Oct-05,0.301
25-Oct-05,0.236
25-Oct-05,0.208
25-Oct-05,0.357
31-Oct-05,0.258
31-Oct-05,0.257
31-Oct-05,0.269
31-Oct-05,0.348
31-Oct-05,0.28
1-Nov-05,0.412
1-Nov-05,0.244
2-Nov-05,0.235
2-Nov-05,0.356
2-Nov-05,0.423
2-Nov-05,0.37
10-Nov-05,0.367
10-Nov-05,0.281
10-Nov-05,0.277
16-Nov-05,0.277
16-Nov-05,0.295
16-Nov-05,0.318
16-Nov-05,0.27
16-Nov-05,0.335
17-Nov-05,0.477
17-Nov-05,0.25
17-Nov-05,0.513
17-Nov-05,0.22
17-Nov-05,0.316
18-Nov-05,0.401
18-Nov-05,0.394
18-Nov-05,0.432
18-Nov-05,0.502
26-Nov-05,0.551
26-Nov-05,0.321
26-Nov-05,0.474
17-Dec-05,0.572
17-Dec-05,0.454
4-Jan-06,0.31
4-Jan-06,0.44
29-Jan-06,0.511
29-Jan-06,0.511
29-Jan-06,0.427
29-Jan-06,0.336
4-Feb-06,0.531
4-Feb-06,0.537
4-Feb-06,0.572
4-Feb-06,0.521
4-Feb-06,0.558
12-Feb-06,0.568
12-Feb-06,0.205
12-Feb-06,0.452
12-Feb-06,0.372
13-Feb-06,0.429
13-Feb-06,0.45
14-Feb-06,0.534
14-Feb-06,0.579
27-Feb-06,0.454
1-Mar-06,0.474
1-Mar-06,0.644
1-Mar-06,0.554
2-Mar-06,0.559
2-Mar-06,0.597
9-Apr-06,0.231
9-Apr-06,0.351
24-Apr-06,0.405
24-Apr-06,0.414
2-May-06,0.448
5-May-06,0.383
5-May-06,0.383
12-May-06,
12-May-06,0.488
18-May-06,0.497
18-May-06,0.543
19-May-06,0.529
19-May-06,0.466
19-May-06,0.509
19-May-06,0.502
21-May-06,0.533
21-May-06,0.551
21-May-06,0.499
21-May-06,0.527
27-May-06,0.466
27-May-06,0.323
27-May-06,0.516
27-May-06,0.381
27-May-06,0.593
28-May-06,0.586
28-May-06,0.492
3-Jun-06,0.442
3-Jun-06,0.482
5-Jun-06,0.479
5-Jun-06,0.481
5-Jun-06,0.464
5-Jun-06,0.458
5-Jun-06,0.429
6-Jun-06,0.474
6-Jun-06,0.474
12-Jun-06,0.505
12-Jun-06,0.517
12-Jun-06,0.392
12-Jun-06,0.371
12-Jun-06,0.404
13-Jun-06,0.431
13-Jun-06,0.423
13-Jun-06,0.376
14-Jun-06,0.326
14-Jun-06,
14-Jun-06,0.214
14-Jun-06,0.482
20-Jun-06,0.498
20-Jun-06,0.401
20-Jun-06,0.381
20-Jun-06,0.418
21-Jun-06,0.487
21-Jun-06,0.331
21-Jun-06,0.267
22-Jun-06,0.298
22-Jun-06,0.283
28-Jun-06,0.438
28-Jun-06,0.384
28-Jun-06,0.466
28-Jun-06,0.4
29-Jun-06,0.384
30-Jun-06,0.307
5-Jul-06,0.281
5-Jul-06,0.35
7-Jul-06,0.303
7-Jul-06,0.29
7-Jul-06,0.272
7-Jul-06,0.341
7-Jul-06,0.336
15-Jul-06,0.468
15-Jul-06,0.395
21-Jul-06,0.359
21-Jul-06,0.261
22-Jul-06,0.248
22-Jul-06,0.344
22-Jul-06,0.288
23-Jul-06,0.288
23-Jul-06,0.281
23-Jul-06,0.206
23-Jul-06,0.278
23-Jul-06,0.241
24-Jul-06,0.262
24-Jul-06,0.251
30-Jul-06,0.305
30-Jul-06,0.301
30-Jul-06,0.317
30-Jul-06,0.454
1-Aug-06,0.247
1-Aug-06,0.2
1-Aug-06,0.167
1-Aug-06,0.402
8-Aug-06,0.345
8-Aug-06,0.338
8-Aug-06,0.226
8-Aug-06,0.205
8-Aug-06,0.261
9-Aug-06,0.23
9-Aug-06,0.242
9-Aug-06,0.224
9-Aug-06,0.273
16-Aug-06,0.306
16-Aug-06,0.435
22-Aug-06,0.244
22-Aug-06,0.191
23-Aug-06,0.193
23-Aug-06,0.383
23-Aug-06,0.245
24-Aug-06,0.147
24-Aug-06,0.26
24-Aug-06,0.258
24-Aug-06,0.318
24-Aug-06,0.338
25-Aug-06,0.225
25-Aug-06,0.179
25-Aug-06,0.166
1-Sep-06,0.423
8-Sep-06,0.315
8-Sep-06,0.328
9-Sep-06,0.226
9-Sep-06,0.223
9-Sep-06,0.153
9-Sep-06,0.168
9-Sep-06,0.145
10-Sep-06,0.08
10-Sep-06,0.241
15-Sep-06,0.239
15-Sep-06,0.314
16-Sep-06,0.369
16-Sep-06,0.198
16-Sep-06,0.175
16-Sep-06,0.146
16-Sep-06,0.268
17-Sep-06,0.243
17-Sep-06,0.244
17-Sep-06,0.172
17-Sep-06,0.199
17-Sep-06,0.226
23-Sep-06,0.206
23-Sep-06,0.211
26-Sep-06,0.221
26-Sep-06,0.203
26-Sep-06,0.23
26-Sep-06,0.219
1-Oct-06,0.27
2-Oct-06,0.269
2-Oct-06,0.374
2-Oct-06,0.4
2-Oct-06,0.256
2-Oct-06,0.394
3-Oct-06,0.369
3-Oct-06,0.32
3-Oct-06,0.246
3-Oct-06,0.274
3-Oct-06,0.336
4-Oct-06,0.274
4-Oct-06,0.265
4-Oct-06,0.241
4-Oct-06,0.39
17-Oct-06,0.386
17-Oct-06,0.508
20-Oct-06,0.334
20-Oct-06,0.233
20-Oct-06,0.242
20-Oct-06,0.306
26-Oct-06,0.38
26-Oct-06,0.275
26-Oct-06,0.276
26-Oct-06,0.27
26-Oct-06,0.307
27-Oct-06,0.369
27-Oct-06,
27-Oct-06,
28-Oct-06,0.307
28-Oct-06,0.293
28-Oct-06,0.345
2-Nov-06,0.523
2-Nov-06,0.558
3-Nov-06,0.471
3-Nov-06,0.409
3-Nov-06,0.406
3-Nov-06,0.651
3-Nov-06,0.456
4-Nov-06,0.416
4-Nov-06,0.472
4-Nov-06,0.279
4-Nov-06,0.239
11-Nov-06,0.501
11-Nov-06,0.531
11-Nov-06,0.556
12-Nov-06,
12-Nov-06,0.4
12-Nov-06,0.39
12-Nov-06,0.378
12-Nov-06,0.392
19-Nov-06,0.328
19-Nov-06,0.411
19-Nov-06,0.577
19-Nov-06,0.453
19-Nov-06,0.4
28-Nov-06,0.379
28-Nov-06,0.594
28-Nov-06,0.6
5-Dec-06,0.494
5-Dec-06,0.564
5-Dec-06,0.53
5-Dec-06,0.569
5-Dec-06,0.471
7-Dec-06,0.3
12-Dec-06,0.381
14-Dec-06,0.356
21-Dec-06,0.461
21-Dec-06,0.502
23-Dec-06,0.255
23-Dec-06,0.318
23-Dec-06,0.39
8-Jan-07,0.35
8-Jan-07,0.369
23-Jan-07,0.506
23-Jan-07,0.509
24-Jan-07,
24-Jan-07,0.568
6-Feb-07,0.577
7-Feb-07,0.458
7-Feb-07,0.591
8-Feb-07,0.611
9-Feb-07,0.598
9-Feb-07,0.531
9-Feb-07,0.513
9-Feb-07,0.441
15-Feb-07,0.572
16-Feb-07,0.495
16-Feb-07,0.557
16-Feb-07,0.56
16-Feb-07,0.503
17-Feb-07,0.525
17-Feb-07,0.367
17-Feb-07,0.306
3-Mar-07,0.303
3-Mar-07,0.233
3-Mar-07,0.394
3-Mar-07,0.288
3-Mar-07,0.278
5-Mar-07,0.303
5-Mar-07,0.371
5-Mar-07,0.374
5-Mar-07,0.263
12-Mar-07,0.334
19-Mar-07,0.297
21-Mar-07,0.316
21-Mar-07,0.318
21-Mar-07,0.226
26-Mar-07,0.324
26-Mar-07,0.17
27-Mar-07,0.184
27-Mar-07,0.171
27-Mar-07,0.16
27-Mar-07,0.308
27-Mar-07,0.418
28-Mar-07,0.232
28-Mar-07,0.212
28-Mar-07,0.187
28-Mar-07,0.251
29-Mar-07,0.25
29-Mar-07,0.269
3-Apr-07,0.291
4-Apr-07,0.189
4-Apr-07,0.179
4-Apr-07,0.135
5-Apr-07,0.222
5-Apr-07,0.217
5-Apr-07,0.207
5-Apr-07,0.271
6-Apr-07,0.401
13-Apr-07,0.256
13-Apr-07,0.227
14-Apr-07,0.208
20-Apr-07,0.3
20-Apr-07,0.272
20-Apr-07,0.259
22-Apr-07,0.216
22-Apr-07,0.199
22-Apr-07,0.21
22-Apr-07,0.221
27-Apr-07,0.221
28-Apr-07,0.237
28-Apr-07,0.172
28-Apr-07,0.14
28-Apr-07,0.197
28-Apr-07,0.208
29-Apr-07,0.224
29-Apr-07,0.245
29-Apr-07,0.258
29-Apr-07,0.242
29-Apr-07,0.176
30-Apr-07,0.176
30-Apr-07,0.154
30-Apr-07,0.289
15-May-07,0.403
15-May-07,0.469
15-May-07,0.469
16-May-07,0.302
16-May-07,0.349
16-May-07,0.346
16-May-07,0.299
21-May-07,0.546
21-May-07,0.502
22-May-07,0.512
22-May-07,0.41
22-May-07,0.528
22-May-07,0.517
23-May-07,0.486
23-May-07,0.409
23-May-07,0.534
23-May-07,0.566
31-May-07,0.535
31-May-07,0.466
1-Jun-07,0.432
1-Jun-07,0.497
1-Jun-07,0.424
7-Jun-07,0.432
7-Jun-07,0.442
9-Jun-07,0.516
9-Jun-07,0.562
9-Jun-07,0.59
24-Jun-07,0.461
24-Jun-07,
24-Jun-07,0.497
24-Jun-07,0.525
24-Jun-07,0.434
25-Jun-07,0.515
25-Jun-07,0.512
3-Jul-07,0.621
17-Jul-07,0.519
17-Jul-07,0.54
17-Jul-07,0.544
17-Jul-07,0.516
17-Jul-07,0.522
19-Jul-07,0.624
19-Jul-07,0.487
19-Jul-07,0.532
19-Jul-07,0.548
25-Jul-07,0.384
26-Jul-07,0.518
26-Jul-07,0.576
26-Jul-07,0.463
4-Aug-07,0.464
4-Aug-07,0.369
4-Aug-07,0.628
4-Aug-07,0.485
9-Aug-07,0.439
9-Aug-07,0.451
12-Aug-07,0.47
12-Aug-07,0.431
12-Aug-07,0.405
17-Aug-07,0.409
17-Aug-07,0.362
18-Aug-07,0.437
18-Aug-07,0.464
18-Aug-07,0.316
20-Aug-07,0.346
20-Aug-07,0.394
20-Aug-07,0.35
20-Aug-07,0.342
28-Aug-07,0.339
28-Aug-07,0.533
28-Aug-07,0.341
28-Aug-07,0.28
2-Sep-07,0.351
2-Sep-07,0.45
3-Sep-07,0.396
3-Sep-07,0.393
3-Sep-07,0.283
3-Sep-07,0.274
3-Sep-07,0.328
4-Sep-07,0.326
4-Sep-07,0.325
4-Sep-07,0.497
4-Sep-07,0.314
4-Sep-07,0.215
11-Sep-07,0.278
11-Sep-07,0.445
11-Sep-07,0.363
11-Sep-07,0.342
11-Sep-07,0.243
13-Sep-07,0.236
20-Sep-07,
21-Sep-07,0.313
21-Sep-07,0.46
21-Sep-07,0.252
21-Sep-07,0.196
26-Sep-07,0.227
26-Sep-07,0.143
27-Sep-07,0.186
27-Sep-07,0.209
27-Sep-07,0.184
28-Sep-07,0.225
28-Sep-07,0.124
28-Sep-07,0.182
28-Sep-07,0.196
28-Sep-07,0.123
29-Sep-07,0.253
29-Sep-07,0.249
29-Sep-07,0.286
6-Oct-07,0.419
6-Oct-07,0.154
6-Oct-07,0.155
6-Oct-07,0.176
6-Oct-07,0.201
13-Oct-07,0.206
13-Oct-07,0.369
13-Oct-07,0.201
13-Oct-07,0.216
13-Oct-07,0.29
15-Oct-07,0.416
15-Oct-07,0.241
15-Oct-07,0.296
15-Oct-07,0.416
20-Oct-07,0.433
29-Oct-07,0.5
31-Oct-07,0.6
31-Oct-07,0.624
14-Nov-07,0.581
14-Nov-07,0.476
16-Nov-07,0.617
16-Nov-07,0.622
16-Nov-07,0.599
16-Nov-07,0.362
21-Nov-07,0.455
23-Nov-07,0.42
23-Nov-07,0.637
23-Nov-07,0.525
23-Nov-07,0.587
23-Nov-07,0.618
9-Dec-07,0.478
18-Dec-07,0.535
18-Dec-07,0.621
18-Dec-07,0.524
3-Jan-08,0.552
3-Jan-08,0.573
17-Jan-08,0.185
17-Jan-08,0.42
17-Jan-08,0.43
18-Jan-08,0.498
18-Jan-08,0.471
18-Jan-08,0.587
19-Jan-08,0.594
1-Feb-08,0.352
3-Feb-08,0.543
3-Feb-08,0.539
10-Feb-08,0.553
11-Feb-08,0.516
11-Feb-08,0.512
12-Feb-08,0.38
12-Feb-08,0.564
12-Feb-08,0.495
19-Feb-08,0.524
19-Feb-08,0.478
19-Feb-08,0.547
27-Feb-08,0.453
27-Feb-08,0.377
27-Feb-08,0.379
27-Feb-08,0.613
27-Feb-08,0.491
5-Mar-08,0.453
5-Mar-08,0.501
5-Mar-08,0.339
5-Mar-08,0.336
7-Mar-08,0.159
7-Mar-08,0.561
12-Mar-08,0.569
12-Mar-08,0.408
13-Mar-08,
13-Mar-08,0.488
14-Mar-08,0.439
15-Mar-08,0.386
15-Mar-08,0.378
15-Mar-08,0.345
20-Mar-08,0.383
21-Mar-08,0.409
21-Mar-08,0.461
21-Mar-08,0.642
23-Mar-08,0.528
23-Mar-08,0.528
23-Mar-08,0.442
23-Mar-08,0.422
28-Mar-08,0.346
29-Mar-08,0.437
29-Mar-08,0.382
29-Mar-08,0.402
30-Mar-08,0.513
30-Mar-08,0.387
30-Mar-08,0.36
31-Mar-08,0.369
31-Mar-08,0.201
31-Mar-08,0.239
31-Mar-08,0.406
6-Apr-08,0.407
6-Apr-08,0.355
7-Apr-08,0.369
7-Apr-08,0.356
7-Apr-08,0.33
7-Apr-08,0.323
8-Apr-08,0.382
8-Apr-08,0.333
8-Apr-08,0.319
14-Apr-08,0.298
14-Apr-08,0.259
14-Apr-08,0.268
21-Apr-08,0.417
21-Apr-08,0.368
22-Apr-08,0.273
22-Apr-08,0.321
22-Apr-08,0.451
23-Apr-08,0.258
30-Apr-08,0.207
30-Apr-08,0.146
30-Apr-08,0.166
30-Apr-08,0.208
30-Apr-08,0.232
1-May-08,0.257
1-May-08,0.3
2-May-08,0.294
2-May-08,0.406
2-May-08,0.282
7-May-08,0.152
7-May-08,0.201
8-May-08,0.19
8-May-08,0.288
8-May-08,0.285
8-May-08,0.228
8-May-08,0.436
9-May-08,0.203
9-May-08,0.147
9-May-08,0.309
9-May-08,0.276
10-May-08,0.292
10-May-08,0.197
10-May-08,0.193
10-May-08,0.095
16-May-08,0.123
16-May-08,0.248
16-May-08,0.244
16-May-08,0.238
16-May-08,0.343
17-May-08,0.19
17-May-08,0.188
18-May-08,0.249
23-May-08,0.181
23-May-08,0.183
24-May-08,0.158
24-May-08,0.198
25-May-08,0.233
25-May-08,0.15
25-May-08,0.177
25-May-08,0.169
25-May-08,0.188
26-May-08,0.191
26-May-08,0.154
1-Jun-08,0.164
1-Jun-08,0.158
1-Jun-08,0.192
1-Jun-08,0.187
1-Jun-08,0.159
2-Jun-08,0.175
3-Jun-08,0.181
3-Jun-08,0.132
8-Jun-08,0.145
8-Jun-08,0.224
9-Jun-08,0.377
9-Jun-08,0.243
9-Jun-08,0.214
10-Jun-08,0.275
10-Jun-08,0.177
10-Jun-08,0.221
11-Jun-08,0.214
17-Jun-08,0.425
17-Jun-08,0.423
17-Jun-08,0.389
17-Jun-08,0.56
19-Jun-08,0.635
24-Jun-08,0.557
24-Jun-08,0.575
25-Jun-08,0.559
25-Jun-08,0.518
25-Jun-08,0.509
25-Jun-08,0.313
26-Jun-08,0.414
26-Jun-08,0.528
26-Jun-08,0.571
27-Jun-08,0.454
27-Jun-08,0.488
2-Jul-08,0.59
2-Jul-08,0.589
3-Jul-08,0.629
3-Jul-08,0.562
3-Jul-08,0.489
3-Jul-08,0.562
4-Jul-08,0.565
4-Jul-08,0.555
4-Jul-08,0.459
4-Jul-08,0.452
5-Jul-08,0.504
10-Jul-08,0.488
10-Jul-08,0.477
11-Jul-08,0.432
11-Jul-08,0.414
11-Jul-08,0.5
12-Jul-08,0.473
12-Jul-08,0.422
12-Jul-08,0.444
19-Jul-08,0.401
19-Jul-08,0.464
19-Jul-08,0.419
19-Jul-08,0.366
20-Jul-08,0.329
20-Jul-08,0.348
21-Jul-08,0.408
21-Jul-08,0.361
26-Jul-08,0.475
26-Jul-08,0.244
27-Jul-08,0.266
27-Jul-08,0.418
27-Jul-08,0.316
27-Jul-08,0.323
28-Jul-08,0.325
28-Jul-08,0.25
28-Jul-08,0.347
28-Jul-08,0.312
29-Jul-08,0.31
29-Jul-08,0.282
4-Aug-08,0.515
4-Aug-08,0.316
4-Aug-08,0.418
4-Aug-08,0.323
4-Aug-08,0.329
5-Aug-08,0.25
5-Aug-08,0.255
6-Aug-08,0.216
6-Aug-08,0.257
6-Aug-08,0.256
6-Aug-08,0.222
11-Aug-08,0.213
11-Aug-08,0.22
13-Aug-08,0.256
13-Aug-08,0.254
13-Aug-08,0.332
13-Aug-08,0.457
13-Aug-08,0.245
14-Aug-08,0.195
14-Aug-08,0.203
19-Aug-08,0.162
19-Aug-08,0.195
20-Aug-08,0.204
20-Aug-08,0.175
20-Aug-08,0.244
20-Aug-08,0.314
20-Aug-08,0.435
22-Aug-08,0.216
22-Aug-08,0.173
22-Aug-08,0.146
22-Aug-08,0.235
27-Aug-08,0.233
27-Aug-08,0.196
28-Aug-08,0.19
28-Aug-08,0.228
28-Aug-08,0.182
28-Aug-08,0.216
28-Aug-08,0.153
29-Aug-08,0.208
29-Aug-08,0.203
29-Aug-08,0.193
29-Aug-08,0.198
29-Aug-08,0.393
30-Aug-08,0.227
30-Aug-08,0.207
30-Aug-08,0.196
30-Aug-08,0.257
4-Sep-08,0.2
4-Sep-08,0.224
5-Sep-08,0.356
5-Sep-08,0.574
5-Sep-08,0.501
5-Sep-08,0.466
5-Sep-08,0.493
7-Sep-08,0.501
7-Sep-08,0.554
7-Sep-08,0.492
12-Sep-08,0.567
12-Sep-08,0.511
14-Sep-08,0.371
14-Sep-08,0.441
14-Sep-08,0.376
14-Sep-08,0.591
14-Sep-08,0.452
15-Sep-08,0.448
15-Sep-08,0.409
15-Sep-08,0.477
20-Sep-08,0.378
20-Sep-08,0.485
21-Sep-08,0.544
21-Sep-08,0.616
21-Sep-08,0.59
21-Sep-08,0.588
21-Sep-08,0.518
29-Sep-08,0.486
29-Sep-08,0.508
29-Sep-08,0.615
29-Sep-08,0.53
29-Sep-08,0.547
30-Sep-08,0.537
30-Sep-08,0.612
30-Sep-08,0.458
30-Sep-08,0.505
30-Sep-08,0.442
1-Oct-08,0.488
1-Oct-08,0.448
1-Oct-08,0.513
1-Oct-08,0.564
7-Oct-08,0.556
7-Oct-08,0.569
7-Oct-08,0.486
7-Oct-08,0.566
7-Oct-08,0.67
9-Oct-08,0.521
9-Oct-08,0.47
9-Oct-08,0.521
9-Oct-08,0.401
15-Oct-08,0.419
15-Oct-08,0.526
15-Oct-08,0.396
15-Oct-08,0.463
15-Oct-08,0.417
17-Oct-08,0.409
17-Oct-08,0.369
17-Oct-08,0.392
31-Oct-08,0.371
31-Oct-08,0.344
31-Oct-08,0.36
31-Oct-08,0.399
31-Oct-08,0.395
2-Nov-08,0.365
2-Nov-08,0.385
2-Nov-08,0.308
2-Nov-08,0.219
16-Nov-08,0.236
16-Nov-08,0.267
16-Nov-08,0.26
16-Nov-08,0.253
16-Nov-08,0.186
18-Nov-08,0.229
18-Nov-08,0.26
4-Dec-08,0.257
4-Dec-08,0.261
4-Dec-08,0.259
27-Dec-08,0.33
27-Dec-08,0.394
10-Jan-09,0.184
10-Jan-09,0.15
12-Jan-09,0.21
12-Jan-09,0.378
19-Jan-09,0.288
19-Jan-09,0.306
26-Jan-09,0.214
28-Jan-09,0.202
28-Jan-09,0.246
28-Jan-09,0.209
28-Jan-09,0.196
20-Feb-09,0.188
20-Feb-09,0.208
20-Feb-09,0.163
20-Feb-09,0.195
20-Feb-09,0.19
22-Feb-09,0.284
22-Feb-09,0.38
27-Feb-09,0.204
27-Feb-09,0.189
1-Mar-09,0.164
1-Mar-09,0.213
1-Mar-09,0.225
1-Mar-09,0.228
8-Mar-09,0.153
8-Mar-09,0.184
23-Mar-09,0.168
24-Mar-09,0.205
24-Mar-09,0.208
25-Mar-09,0.188
25-Mar-09,0.205
26-Mar-09,0.199
26-Mar-09,0.204
26-Mar-09,0.185
8-Apr-09,0.306
8-Apr-09,0.277
9-Apr-09,0.21
9-Apr-09,0.31
11-Apr-09,0.315
17-Apr-09,0.432
17-Apr-09,0.325
17-Apr-09,0.344
17-Apr-09,0.491
17-Apr-09,0.305
18-Apr-09,0.28
18-Apr-09,0.376
18-Apr-09,0.341
18-Apr-09,0.399
18-Apr-09,0.461
25-Apr-09,0.508
25-Apr-09,0.512
25-Apr-09,0.534
25-Apr-09,0.465
25-Apr-09,0.394
26-Apr-09,0.406
26-Apr-09,
26-Apr-09,0.503
26-Apr-09,0.511
27-Apr-09,0.601
27-Apr-09,0.618
27-Apr-09,0.534
3-May-09,0.561
3-May-09,0.596
3-May-09,0.432
3-May-09,0.504
3-May-09,0.5
4-May-09,0.443
4-May-09,0.51
4-May-09,0.519
4-May-09,0.529
5-May-09,0.518
12-May-09,0.594
12-May-09,0.529
13-May-09,0.598
18-May-09,0.586
18-May-09,0.614
19-May-09,0.527
19-May-09,0.571
19-May-09,0.544
19-May-09,0.368
19-May-09,0.564
20-May-09,0.584
20-May-09,0.552
26-May-09,0.499
26-May-09,0.536
27-May-09,0.587
27-May-09,0.495
27-May-09,0.455
27-May-09,0.536
27-May-09,0.449
28-May-09,0.39
28-May-09,0.468
28-May-09,0.477
28-May-09,0.541
29-May-09,0.524
29-May-09,0.475
29-May-09,0.414
29-May-09,0.438
4-Jun-09,0.342
4-Jun-09,0.374
4-Jun-09,0.415
4-Jun-09,0.452
4-Jun-09,0.459
5-Jun-09,0.419
6-Jun-09,0.386
6-Jun-09,0.388
6-Jun-09,0.404
12-Jun-09,0.375
12-Jun-09,0.396
12-Jun-09,0.439
12-Jun-09,0.377
13-Jun-09,0.364
13-Jun-09,0.36
13-Jun-09,0.453
13-Jun-09,0.398
14-Jun-09,0.33
14-Jun-09,0.318
14-Jun-09,0.319
14-Jun-09,0.34
19-Jun-09,0.398
19-Jun-09,0.393
20-Jun-09,0.538
20-Jun-09,0.369
20-Jun-09,0.308
21-Jun-09,0.314
21-Jun-09,0.428
22-Jun-09,0.305
22-Jun-09,0.28
27-Jun-09,0.387
27-Jun-09,0.333
29-Jun-09,0.304
29-Jun-09,0.282
29-Jun-09,0.22
29-Jun-09,0.258
6-Jul-09,
6-Jul-09,0.24
6-Jul-09,0.26
6-Jul-09,0.223
6-Jul-09,0.214
8-Jul-09,0.174
8-Jul-09,0.269
13-Jul-09,0.264
13-Jul-09,0.387
14-Jul-09,0.309
14-Jul-09,0.316
14-Jul-09,0.23
15-Jul-09,0.221
15-Jul-09,0.206
15-Jul-09,0.223
15-Jul-09,0.225
15-Jul-09,0.209
16-Jul-09,0.277
16-Jul-09,0.272
16-Jul-09,0.181
23-Jul-09,0.197
23-Jul-09,0.193
23-Jul-09,0.208
23-Jul-09,0.204
23-Jul-09,0.365
30-Jul-09,0.267
30-Jul-09,0.261
30-Jul-09,0.153
30-Jul-09,0.155
1-Aug-09,0.183
1-Aug-09,0.198
1-Aug-09,0.196
8-Aug-09,0.178
8-Aug-09,0.352
8-Aug-09,0.276
8-Aug-09,0.263
15-Aug-09,0.184
15-Aug-09,0.205
15-Aug-09,0.187
17-Aug-09,0.2
24-Aug-09,0.212
24-Aug-09,0.314
31-Aug-09,0.272
31-Aug-09,0.29
31-Aug-09,0.209
31-Aug-09,0.201
31-Aug-09,0.187
9-Sep-09,0.194
9-Sep-09,0.202
9-Sep-09,0.178
9-Sep-09,0.337
16-Sep-09,0.296
16-Sep-09,0.313
16-Sep-09,0.227
16-Sep-09,0.254
16-Sep-09,0.138
18-Sep-09,0.165
25-Sep-09,0.234
25-Sep-09,0.217
25-Sep-09,0.212
25-Sep-09,0.479
25-Sep-09,0.463
2-Oct-09,0.51
2-Oct-09,0.509
2-Oct-09,0.431
2-Oct-09,0.502
2-Oct-09,0.375
9-Oct-09,0.497
9-Oct-09,0.259
11-Oct-09,0.579
11-Oct-09,0.487
18-Oct-09,0.473
18-Oct-09,0.609
25-Oct-09,
25-Oct-09,0.467
27-Oct-09,0.435
3-Nov-09,0.441
3-Nov-09,0.436
3-Nov-09,0.495
3-Nov-09,0.455
3-Nov-09,0.566
4-Nov-09,0.559
4-Nov-09,0.133
4-Nov-09,0.506
5-Nov-09,0.545
11-Nov-09,0.609
11-Nov-09,0.525
11-Nov-09,0.566
11-Nov-09,0.464
13-Nov-09,0.527
13-Nov-09,0.545
13-Nov-09,0.577
18-Nov-09,0.544
20-Nov-09,0.531
20-Nov-09,0.522
20-Nov-09,0.65
27-Nov-09,0.542
27-Nov-09,0.584
27-Nov-09,0.599
27-Nov-09,0.576
27-Nov-09,0.57
28-Nov-09,0.512
29-Nov-09,0.528
29-Nov-09,0.476
29-Nov-09,0.471
4-Dec-09,0.522
4-Dec-09,0.508
5-Dec-09,0.526
5-Dec-09,0.513
5-Dec-09,0.441
5-Dec-09,0.416
6-Dec-09,0.395
6-Dec-09,0.512
6-Dec-09,0.528
6-Dec-09,0.49
7-Dec-09,0.494
7-Dec-09,0.484
12-Dec-09,0.467
13-Dec-09,0.535
13-Dec-09,0.509
15-Dec-09,0.495
15-Dec-09,0.438
14-Jan-10,0.416
14-Jan-10,0.476
14-Jan-10,0.47
16-Jan-10,0.487
16-Jan-10,0.501
21-Jan-10,0.471
21-Jan-10,0.433
22-Jan-10,0.385
22-Jan-10,0.372
23-Jan-10,0.371
23-Jan-10,0.419
23-Jan-10,0.413
23-Jan-10,0.427
23-Jan-10,0.399
30-Jan-10,0.419
30-Jan-10,0.416
30-Jan-10,0.386
1-Feb-10,0.248
7-Feb-10,0.393
7-Feb-10,0.389
8-Feb-10,0.3
8-Feb-10,0.32
8-Feb-10,0.332
9-Feb-10,0.339
25-Feb-10,0.377
11-Mar-10,0.448
13-Mar-10,0.332
13-Mar-10,0.289
13-Mar-10,0.339
18-Mar-10,0.332
21-Mar-10,0.341
26-Mar-10,0.294
27-Mar-10,0.269
27-Mar-10,0.285
27-Mar-10,0.272
27-Mar-10,0.28
27-Mar-10,0.281
28-Mar-10,0.315
28-Mar-10,0.2
28-Mar-10,0.217
28-Mar-10,0.29
28-Mar-10,0.236
29-Mar-10,0.229
3-Apr-10,0.268
3-Apr-10,0.233
4-Apr-10,0.262
4-Apr-10,0.334
4-Apr-10,0.313
6-Apr-10,0.348
6-Apr-10,0.253
13-Apr-10,0.239
14-Apr-10,0.28
19-Apr-10,0.328
19-Apr-10,0.217
20-Apr-10,0.195
20-Apr-10,0.294
20-Apr-10,0.262
20-Apr-10,0.272
21-Apr-10,0.207
21-Apr-10,0.206
21-Apr-10,0.167
21-Apr-10,0.297
21-Apr-10,0.388
29-Apr-10,0.211
30-Apr-10,0.178
30-Apr-10,0.158
30-Apr-10,0.261
6-May-10,0.219
7-May-10,0.223
7-May-10,0.169
7-May-10,0.181
8-May-10,0.188
8-May-10,0.183
8-May-10,0.221
16-May-10,0.334
16-May-10,0.194
23-May-10,0.2
23-May-10,0.247
23-May-10,0.24
29-May-10,0.143
29-May-10,0.325
1-Jun-10,0.25
6-Jun-10,0.252
8-Jun-10,0.162
8-Jun-10,0.181
8-Jun-10,0.247
15-Jun-10,0.289
15-Jun-10,0.347
15-Jun-10,0.411
15-Jun-10,0.417
15-Jun-10,0.316
8-Jul-10,0.411
10-Jul-10,0.267
10-Jul-10,0.414
10-Jul-10,0.29
10-Jul-10,0.553
11-Jul-10,0.45
11-Jul-10,0.505
17-Jul-10,0.492
17-Jul-10,
17-Jul-10,0.492
17-Jul-10,0.503
17-Jul-10,0.484
19-Jul-10,0.532
19-Jul-10,0.624
24-Jul-10,0.418
26-Jul-10,0.487
26-Jul-10,0.425
26-Jul-10,0.448
18-Aug-10,0.435
18-Aug-10,0.505
18-Aug-10,0.562
18-Aug-10,0.555
18-Aug-10,0.307
20-Aug-10,0.561
20-Aug-10,0.556
20-Aug-10,0.567
20-Aug-10,0.521
25-Aug-10,0.491
25-Aug-10,0.55
26-Aug-10,0.521
26-Aug-10,0.185
26-Aug-10,0.418
26-Aug-10,0.51
27-Aug-10,0.51
27-Aug-10,0.523
27-Aug-10,0.573
27-Aug-10,0.483
27-Aug-10,0.478
3-Sep-10,0.412
3-Sep-10,0.344
3-Sep-10,0.311
3-Sep-10,0.385
5-Sep-10,0.412
10-Sep-10,0.527
10-Sep-10,0.41
21-Sep-10,0.478
21-Sep-10,0.531
28-Sep-10,0.434
28-Sep-10,0.413
28-Sep-10,0.358
28-Sep-10,0.308
14-Oct-10,0.383
14-Oct-10,0.367
14-Oct-10,0.364
14-Oct-10,0.354
14-Oct-10,0.317
23-Oct-10,0.539
8-Nov-10,0.363
1-Dec-10,0.312
1-Dec-10,0.286
15-Dec-10,0.284
15-Dec-10,0.261
17-Dec-10,0.317
17-Dec-10,0.321
18-Dec-10,0.299
18-Dec-10,0.394
18-Dec-10,0.247
10-Jan-11,0.399
10-Jan-11,0.343
10-Jan-11,0.357
10-Jan-11,0.283
10-Jan-11,0.259
19-Jan-11,0.228
2-Feb-11,0.259
4-Feb-11,0.293
11-Feb-11,0.276
20-Feb-11,0.251
20-Feb-11,0.248
25-Feb-11,0.304
25-Feb-11,0.361
14-Mar-11,0.261
14-Mar-11,0.222
14-Mar-11,0.31
30-Mar-11,0.276
30-Mar-11,0.288
31-Mar-11,0.196
31-Mar-11,0.224
14-Apr-11,0.266
14-Apr-11,0.22
15-Apr-11,0.215
15-Apr-11,0.222
15-Apr-11,0.159
15-Apr-11,0.281
16-Apr-11,0.419
16-Apr-11,0.201
17-Apr-11,0.155
17-Apr-11,0.262
17-Apr-11,0.414
17-Apr-11,0.21
24-Apr-11,0.185
24-Apr-11,0.156
1-May-11,0.186
1-May-11,0.177
1-May-11,0.219
1-May-11,0.259
3-May-11,0.392
3-May-11,0.38
3-May-11,0.358
10-May-11,0.486
10-May-11,0.53
10-May-11,0.459
10-May-11,0.395
10-May-11,0.522
17-May-11,0.491
17-May-11,0.534
17-May-11,0.546
17-May-11,0.545
19-May-11,0.571
19-May-11,0.615
25-May-11,0.518
25-May-11,0.555
25-May-11,0.541
25-May-11,0.517
25-May-11,0.503
26-May-11,0.446
26-May-11,0.522
26-May-11,0.46
26-May-11,0.408
26-May-11,0.569
2-Jun-11,0.478
2-Jun-11,0.452
2-Jun-11,0.566
3-Jun-11,0.457
4-Jun-11,0.481
4-Jun-11,0.459
4-Jun-11,0.464
4-Jun-11,0.482
11-Jun-11,0.451
11-Jun-11,0.361
11-Jun-11,0.386
11-Jun-11,0.321
11-Jun-11,0.399
18-Jun-11,0.534
20-Jun-11,0.564
20-Jun-11,0.398
20-Jun-11,0.399
20-Jun-11,0.439
25-Jun-11,0.49
25-Jun-11,0.525
27-Jun-11,0.434
27-Jun-11,0.462
27-Jun-11,0.349
27-Jun-11,0.348
27-Jun-11,0.323
3-Jul-11,0.443
4-Jul-11,0.441
4-Jul-11,0.334
5-Jul-11,0.311
6-Jul-11,0.315
6-Jul-11,0.418
6-Jul-11,0.407
6-Jul-11,0.37
13-Jul-11,0.384
19-Jul-11,0.359
22-Jul-11,0.366
22-Jul-11,0.371
22-Jul-11,0.354
27-Jul-11,0.396
27-Jul-11,0.356
29-Jul-11,0.305
29-Jul-11,0.338
29-Jul-11,
29-Jul-11,0.381
29-Jul-11,0.265
7-Aug-11,0.325
7-Aug-11,0.328
7-Aug-11,0.296
7-Aug-11,0.395
12-Aug-11,0.322
12-Aug-11,0.308
14-Aug-11,0.303
14-Aug-11,0.265
14-Aug-11,0.261
14-Aug-11,0.367
22-Aug-11,0.395
22-Aug-11,0.261
22-Aug-11,0.247
22-Aug-11,0.246
23-Aug-11,0.149
23-Aug-11,0.255
23-Aug-11,0.259
30-Aug-11,0.244
30-Aug-11,0.312
6-Sep-11,0.311
6-Sep-11,0.439
6-Sep-11,0.283
6-Sep-11,0.221
6-Sep-11,0.22
8-Sep-11,0.185
8-Sep-11,0.21
8-Sep-11,0.229
8-Sep-11,0.188
22-Sep-11,0.228
22-Sep-11,0.261
22-Sep-11,0.233
22-Sep-11,0.211
22-Sep-11,0.184
24-Sep-11,0.207
24-Sep-11,0.172
24-Sep-11,0.216
1-Oct-11,0.237
1-Oct-11,0.203
8-Oct-11,0.395
8-Oct-11,0.28
8-Oct-11,0.282
16-Oct-11,0.202
16-Oct-11,0.199
16-Oct-11,0.141
17-Oct-11,0.169
17-Oct-11,0.193
17-Oct-11,0.198
17-Oct-11,0.376
17-Oct-11,0.229
18-Oct-11,0.2
18-Oct-11,0.219
18-Oct-11,0.294
18-Oct-11,0.396
24-Oct-11,0.21
24-Oct-11,0.196
24-Oct-11,0.201
24-Oct-11,0.417
24-Oct-11,0.297
31-Oct-11,0.299
31-Oct-11,0.217
2-Nov-11,0.234
2-Nov-11,0.255
2-Nov-11,0.255
9-Nov-11,0.378
9-Nov-11,0.2
9-Nov-11,0.169
10-Nov-11,0.108
10-Nov-11,0.202
10-Nov-11,0.262
2-Dec-11,0.436
2-Dec-11,0.431
4-Dec-11,0.289
4-Dec-11,0.444
30-Jan-12,0.57
30-Jan-12,0.489
6-Feb-12,0.51
6-Feb-12,0.447
6-Feb-12,0.463
13-Feb-12,0.523
13-Feb-12,0.601
15-Feb-12,0.493
15-Feb-12,0.462
22-Feb-12,0.538
22-Feb-12,0.603
22-Feb-12,0.593
2-Mar-12,0.465
9-Mar-12,0.484
16-Mar-12,0.597
16-Mar-12,0.554
16-Mar-12,0.519
16-Mar-12,0.454
16-Mar-12,0.5
18-Mar-12,0.403
25-Mar-12,0.374
10-Apr-12,0.492
10-Apr-12,0.564
10-Apr-12,0.497
10-Apr-12,0.526
10-Apr-12,0.606
17-Apr-12,0.386
17-Apr-12,0.446
17-Apr-12,0.514
19-Apr-12,0.598
19-Apr-12,0.545
19-Apr-12,0.495
19-Apr-12,0.458
24-Apr-12,0.483
24-Apr-12,0.476
26-Apr-12,0.527
26-Apr-12,0.478
26-Apr-12,0.49
26-Apr-12,0.501
26-Apr-12,0.533
3-May-12,0.305
3-May-12,0.401
3-May-12,0.422
5-May-12,0.576
5-May-12,0.499
5-May-12,0.518
5-May-12,0.508
10-May-12,0.452
10-May-12,0.455
19-May-12,0.504
19-May-12,0.45
19-May-12,0.436
21-May-12,0.501
21-May-12,0.445
21-May-12,0.465
21-May-12,0.465
26-May-12,0.429
26-May-12,0.425
28-May-12,0.423
28-May-12,0.42
28-May-12,0.383
28-May-12,0.378
28-May-12,0.411
4-Jun-12,0.379
4-Jun-12,0.338
4-Jun-12,0.264
6-Jun-12,0.457
6-Jun-12,0.371
6-Jun-12,0.395
11-Jun-12,0.29
11-Jun-12,0.288
13-Jun-12,0.39
13-Jun-12,0.438
13-Jun-12,0.38
20-Jun-12,0.32
29-Jun-12,0.413
29-Jun-12,0.429
29-Jun-12,0.371
6-Jul-12,0.467
6-Jul-12,0.399
6-Jul-12,0.339
6-Jul-12,0.31
8-Jul-12,0.352
15-Jul-12,0.334
15-Jul-12,0.534
15-Jul-12,0.362
15-Jul-12,0.296
15-Jul-12,0.321
22-Jul-12,0.172
22-Jul-12,0.333
22-Jul-12,0.344
22-Jul-12,0.26
24-Jul-12,0.256
31-Jul-12,0.303
31-Jul-12,0.381
31-Jul-12,0.234
31-Jul-12,0.22
31-Jul-12,0.283
7-Aug-12,0.348
7-Aug-12,0.296
7-Aug-12,0.3
7-Aug-12,0.247
7-Aug-12,0.243
16-Aug-12,0.334
16-Aug-12,0.458
16-Aug-12,0.287
16-Aug-12,0.228
16-Aug-12,0.246
23-Aug-12,0.405
23-Aug-12,0.323
23-Aug-12,0.325
23-Aug-12,0.238
23-Aug-12,0.224
25-Aug-12,0.12
25-Aug-12,0.19
25-Aug-12,0.2
25-Aug-12,0.197
1-Sep-12,0.298
1-Sep-12,0.44
1-Sep-12,0.263
1-Sep-12,0.204
1-Sep-12,0.189
8-Sep-12,0.306
8-Sep-12,0.265
10-Sep-12,0.206
10-Sep-12,0.201
10-Sep-12,0.208
10-Sep-12,0.19
15-Sep-12,0.228
17-Sep-12,0.192
17-Sep-12,0.292
17-Sep-12,0.16
17-Sep-12,0.154
24-Sep-12,0.247
24-Sep-12,0.253
24-Sep-12,0.278
24-Sep-12,0.195
24-Sep-12,0.189
26-Sep-12,0.127
26-Sep-12,0.178
1-Oct-12,0.228
1-Oct-12,0.228
3-Oct-12,0.15
3-Oct-12,0.168
10-Oct-12,0.257
10-Oct-12,0.195
10-Oct-12,0.199
17-Oct-12,0.221
17-Oct-12,0.219
19-Oct-12,0.191
19-Oct-12,0.183
19-Oct-12,0.171
26-Oct-12,0.066
26-Oct-12,0.207
28-Oct-12,0.19
28-Oct-12,0.193
4-Nov-12,0.214
4-Nov-12,0.212
4-Nov-12,0.203
11-Nov-12,0.377
11-Nov-12,0.326
11-Nov-12,0.3
11-Nov-12,0.234
11-Nov-12,0.206
13-Nov-12,0.226
13-Nov-12,0.218
13-Nov-12,0.2
13-Nov-12,0.201
27-Nov-12,0.36
27-Nov-12,0.297
27-Nov-12,0.275
29-Nov-12,0.282
29-Nov-12,0.274
29-Nov-12,0.244
4-Dec-12,0.327
4-Dec-12,0.342
6-Dec-12,0.253
6-Dec-12,0.451
6-Dec-12,0.223
15-Dec-12,0.195
20-Dec-12,0.35
22-Dec-12,0.341
22-Dec-12,0.402
29-Dec-12,0.405
29-Dec-12,0.331
29-Dec-12,0.315
31-Dec-12,0.436
31-Dec-12,0.41
31-Dec-12,0.458
14-Jan-13,0.305
16-Jan-13,0.466
16-Jan-13,0.464
23-Jan-13,0.472
1-Feb-13,0.542
1-Feb-13,0.561
6-Feb-13,0.527
6-Feb-13,0.522
8-Feb-13,0.355
8-Feb-13,0.512
8-Feb-13,0.486
8-Feb-13,0.461
8-Feb-13,0.437
15-Feb-13,0.442
15-Feb-13,0.402
15-Feb-13,0.372
15-Feb-13,0.416
22-Feb-13,0.229
24-Feb-13,0.378
24-Feb-13,0.448
24-Feb-13,0.505
24-Feb-13,0.583
24-Feb-13,0.639
3-Mar-13,
3-Mar-13,0.41
3-Mar-13,0.386
3-Mar-13,0.391
5-Mar-13,0.516
5-Mar-13,0.49
21-Mar-13,0.527
21-Mar-13,0.535
26-Mar-13,0.459
28-Mar-13,0.251
28-Mar-13,0.588
28-Mar-13,0.603
4-Apr-13,0.445
4-Apr-13,0.485
4-Apr-13,0.485
4-Apr-13,0.517
6-Apr-13,0.425
6-Apr-13,0.502
6-Apr-13,0.573
20-Apr-13,0.567
20-Apr-13,0.557
20-Apr-13,0.496
20-Apr-13,0.434
20-Apr-13,0.428
22-Apr-13,0.464
22-Apr-13,0.508
22-Apr-13,0.543
27-Apr-13,0.414
29-Apr-13,0.505
29-Apr-13,0.44
29-Apr-13,0.476
29-Apr-13,0.491
29-Apr-13,0.525
6-May-13,0.362
6-May-13,0.451
6-May-13,0.319
6-May-13,0.413
6-May-13,0.406
8-May-13,0.517
8-May-13,0.467
8-May-13,0.392
8-May-13,0.428
13-May-13,0.484
15-May-13,0.487
15-May-13,0.537
15-May-13,0.449
15-May-13,0.43
15-May-13,0.489
22-May-13,0.281
22-May-13,0.448
22-May-13,0.39
22-May-13,0.319
22-May-13,0.362
24-May-13,0.408
24-May-13,0.391
24-May-13,0.478
31-May-13,0.512
31-May-13,0.53
31-May-13,0.407
31-May-13,0.392
31-May-13,0.448
7-Jun-13,0.547
7-Jun-13,0.492
7-Jun-13,0.399
7-Jun-13,0.336
7-Jun-13,0.359
9-Jun-13,0.307
9-Jun-13,0.365
9-Jun-13,0.415
9-Jun-13,0.444
14-Jun-13,0.434
14-Jun-13,0.438
16-Jun-13,0.36
16-Jun-13,0.544
16-Jun-13,0.399
16-Jun-13,0.344
16-Jun-13,0.393
23-Jun-13,0.39
23-Jun-13,0.364
23-Jun-13,0.327
23-Jun-13,0.292
23-Jun-13,0.248
25-Jun-13,0.348
25-Jun-13,0.347
25-Jun-13,0.383
25-Jun-13,0.43
2-Jul-13,0.363
2-Jul-13,0.494
2-Jul-13,0.334
2-Jul-13,0.309
2-Jul-13,0.383
9-Jul-13,0.208
9-Jul-13,0.393
9-Jul-13,0.397
9-Jul-13,0.319
9-Jul-13,0.292
11-Jul-13,0.398
11-Jul-13,0.265
16-Jul-13,0.341
18-Jul-13,0.181
18-Jul-13,0.452
18-Jul-13,0.259
18-Jul-13,0.303
25-Jul-13,0.405
25-Jul-13,0.325
25-Jul-13,0.316
25-Jul-13,0.261
25-Jul-13,0.26
27-Jul-13,0.33
27-Jul-13,0.285
27-Jul-13,0.321
27-Jul-13,0.37
1-Aug-13,0.277
1-Aug-13,0.278
3-Aug-13,0.363
10-Aug-13,0.365
10-Aug-13,0.343
10-Aug-13,0.346
10-Aug-13,0.249
10-Aug-13,0.232
12-Aug-13,
12-Aug-13,0.251
12-Aug-13,0.29
12-Aug-13,0.329
19-Aug-13,0.316
19-Aug-13,0.479
19-Aug-13,0.266
19-Aug-13,0.214
19-Aug-13,0.246
26-Aug-13,0.366
26-Aug-13,0.305
26-Aug-13,0.258
26-Aug-13,0.216
26-Aug-13,0.223
28-Aug-13,0.218
28-Aug-13,0.195
28-Aug-13,0.237
4-Sep-13,0.223
4-Sep-13,0.382
4-Sep-13,0.232
4-Sep-13,0.193
11-Sep-13,0.42
11-Sep-13,0.298
11-Sep-13,0.298
11-Sep-13,0.197
11-Sep-13,0.191
13-Sep-13,0.196
13-Sep-13,0.193
13-Sep-13,0.198
20-Sep-13,0.255
20-Sep-13,0.404
20-Sep-13,0.209
20-Sep-13,0.186
20-Sep-13,0.189
27-Sep-13,0.287
27-Sep-13,0.265
27-Sep-13,0.268
27-Sep-13,0.188
27-Sep-13,0.185
29-Sep-13,0.19
29-Sep-13,0.176
29-Sep-13,0.181
29-Sep-13,0.146
6-Oct-13,0.303
6-Oct-13,0.195
22-Oct-13,0.293
22-Oct-13,0.428
22-Oct-13,0.22
22-Oct-13,0.202
22-Oct-13,0.26
29-Oct-13,0.369
29-Oct-13,0.264
29-Oct-13,0.281
29-Oct-13,0.198
29-Oct-13,0.183
31-Oct-13,0.207
31-Oct-13,0.21
31-Oct-13,0.253
31-Oct-13,0.317
5-Nov-13,0.216
5-Nov-13,0.208
7-Nov-13,0.294
7-Nov-13,0.42
7-Nov-13,0.233
7-Nov-13,0.208
7-Nov-13,0.278
14-Nov-13,0.36
14-Nov-13,0.262
14-Nov-13,0.243
14-Nov-13,0.186
14-Nov-13,0.218
16-Nov-13,0.236
16-Nov-13,0.207
16-Nov-13,0.235
16-Nov-13,0.316
21-Nov-13,0.241
21-Nov-13,0.242
30-Nov-13,0.442
30-Nov-13,0.286
30-Nov-13,0.26
30-Nov-13,0.216
30-Nov-13,0.22
2-Dec-13,0.213
9-Dec-13,0.312
9-Dec-13,0.251
9-Dec-13,0.246
9-Dec-13,0.282
16-Dec-13,0.389
16-Dec-13,0.342
16-Dec-13,0.304
16-Dec-13,0.275
18-Dec-13,0.384
25-Dec-13,0.354
1-Jan-14,0.382
1-Jan-14,0.451
1-Jan-14,0.281
1-Jan-14,0.312
3-Jan-14,
10-Jan-14,0.128
10-Jan-14,
10-Jan-14,0.36
10-Jan-14,0.436
10-Jan-14,0.486
17-Jan-14,0.446
19-Jan-14,0.517
26-Jan-14,0.478
2-Feb-14,0.339
2-Feb-14,0.444
2-Feb-14,0.493
4-Feb-14,0.438
9-Feb-14,0.417
11-Feb-14,0.43
11-Feb-14,0.586
11-Feb-14,0.552
18-Feb-14,
18-Feb-14,0.397
20-Feb-14,0.298
20-Feb-14,0.541
20-Feb-14,0.546
6-Mar-14,0.389
6-Mar-14,0.496
6-Mar-14,0.509
6-Mar-14,0.507
6-Mar-14,0.551
8-Mar-14,0.538
8-Mar-14,0.608
15-Mar-14,0.415
22-Mar-14,0.417
22-Mar-14,0.459
22-Mar-14,0.484
24-Mar-14,0.495
24-Mar-14,0.495
24-Mar-14,0.478
24-Mar-14,0.485
31-Mar-14,0.436
31-Mar-14,0.564
31-Mar-14,0.485
31-Mar-14,0.521
31-Mar-14,0.521
7-Apr-14,
9-Apr-14,0.419
14-Apr-14,0.415
16-Apr-14,0.521
16-Apr-14,0.501
16-Apr-14,0.471
16-Apr-14,0.494
16-Apr-14,0.536
23-Apr-14,0.445
23-Apr-14,0.505
23-Apr-14,0.48
23-Apr-14,0.461
23-Apr-14,0.453
25-Apr-14,0.486
25-Apr-14,0.444
25-Apr-14,0.499
25-Apr-14,0.511
30-Apr-14,0.402
30-Apr-14,0.362
2-May-14,0.474
2-May-14,0.486
2-May-14,0.506
2-May-14,0.52
2-May-14,0.53
9-May-14,0.47
9-May-14,0.524
9-May-14,0.494
9-May-14,0.433
9-May-14,0.468
11-May-14,0.524
11-May-14,0.488
11-May-14,0.476
11-May-14,0.438
16-May-14,0.513
16-May-14,0.496
18-May-14,0.477
18-May-14,0.497
18-May-14,0.471
18-May-14,0.444
18-May-14,0.454
25-May-14,0.565
25-May-14,0.475
25-May-14,0.388
25-May-14,0.357
25-May-14,0.34
27-May-14,0.449
27-May-14,0.371
27-May-14,0.373
27-May-14,0.399
1-Jun-14,0.513
1-Jun-14,0.505
3-Jun-14,0.467
3-Jun-14,0.549
3-Jun-14,0.432
3-Jun-14,0.406
3-Jun-14,0.457
10-Jun-14,0.492
10-Jun-14,0.439
10-Jun-14,0.419
10-Jun-14,0.335
10-Jun-14,0.336
12-Jun-14,0.445
12-Jun-14,0.341
17-Jun-14,0.429
17-Jun-14,0.429
19-Jun-14,0.405
19-Jun-14,0.459
19-Jun-14,0.399
19-Jun-14,0.349
19-Jun-14,0.402
26-Jun-14,0.5
26-Jun-14,0.478
26-Jun-14,0.447
26-Jun-14,0.322
26-Jun-14,0.305
28-Jun-14,0.417
28-Jun-14,0.349
28-Jun-14,0.361
28-Jun-14,0.359
3-Jul-14,0.42
3-Jul-14,0.408
5-Jul-14,0.447
5-Jul-14,0.564
5-Jul-14,0.361
5-Jul-14,0.283
5-Jul-14,0.343
12-Jul-14,0.472
12-Jul-14,0.374
12-Jul-14,0.345
12-Jul-14,0.287
12-Jul-14,0.187
14-Jul-14,
14-Jul-14,0.28
14-Jul-14,0.335
14-Jul-14,0.309
19-Jul-14,0.335
19-Jul-14,0.332
21-Jul-14,0.311
21-Jul-14,0.257
21-Jul-14,0.235
21-Jul-14,0.229
28-Jul-14,0.517
28-Jul-14,0.361
28-Jul-14,0.295
28-Jul-14,0.227
28-Jul-14,0.197
30-Jul-14,0.302
30-Jul-14,0.243
30-Jul-14,0.243
30-Jul-14,0.223
4-Aug-14,0.332
4-Aug-14,0.324
6-Aug-14,0.345
6-Aug-14,0.432
6-Aug-14,0.267
6-Aug-14,0.224
6-Aug-14,0.282
13-Aug-14,0.177
13-Aug-14,0.286
13-Aug-14,0.294
13-Aug-14,0.217
13-Aug-14,0.186
15-Aug-14,0.162
15-Aug-14,0.247
15-Aug-14,0.258
15-Aug-14,0.216
22-Aug-14,0.303
22-Aug-14,0.452
22-Aug-14,0.269
22-Aug-14,0.207
22-Aug-14,0.246
29-Aug-14,0.374
29-Aug-14,0.306
29-Aug-14,0.305
29-Aug-14,0.213
29-Aug-14,0.209
31-Aug-14,0.186
31-Aug-14,0.222
31-Aug-14,0.21
5-Sep-14,0.202
5-Sep-14,0.203
7-Sep-14,0.142
7-Sep-14,0.155
7-Sep-14,0.209
14-Sep-14,0.41
14-Sep-14,0.289
14-Sep-14,0.289
14-Sep-14,0.15
16-Sep-14,0.228
16-Sep-14,0.218
16-Sep-14,0.225
16-Sep-14,0.207
23-Sep-14,0.287
23-Sep-14,0.276
23-Sep-14,0.172
23-Sep-14,0.193
23-Sep-14,0.192
30-Sep-14,0.3
30-Sep-14,0.198
30-Sep-14,0.195
2-Oct-14,0.158
2-Oct-14,0.128
2-Oct-14,0.083
7-Oct-14,0.248
7-Oct-14,0.245
9-Oct-14,0.429
9-Oct-14,0.216
9-Oct-14,0.186
9-Oct-14,0.171
16-Oct-14,0.208
16-Oct-14,0.229
16-Oct-14,0.268
16-Oct-14,0.187
16-Oct-14,0.193
23-Oct-14,0.222
23-Oct-14,0.217
25-Oct-14,0.289
25-Oct-14,0.42
25-Oct-14,0.216
25-Oct-14,0.187
25-Oct-14,0.174
1-Nov-14,0.382
1-Nov-14,0.26
1-Nov-14,0.262
1-Nov-14,0.174
1-Nov-14,0.147
3-Nov-14,0.25
3-Nov-14,0.2
3-Nov-14,0.204
3-Nov-14,0.19
8-Nov-14,0.284
8-Nov-14,0.278
10-Nov-14,0.286
10-Nov-14,0.408
10-Nov-14,0.211
10-Nov-14,0.191
10-Nov-14,0.198
17-Nov-14,0.383
17-Nov-14,0.285
17-Nov-14,0.305
17-Nov-14,0.202
17-Nov-14,0.188
24-Nov-14,0.343
24-Nov-14,0.337
26-Nov-14,0.373
26-Nov-14,0.186
26-Nov-14,0.146
3-Dec-14,0.28
3-Dec-14,0.186
3-Dec-14,0.189
5-Dec-14,0.213
5-Dec-14,0.207
5-Dec-14,0.216
5-Dec-14,0.221
10-Dec-14,0.482
10-Dec-14,0.483
12-Dec-14,0.371
12-Dec-14,0.222
12-Dec-14,0.171
12-Dec-14,0.174
19-Dec-14,0.408
19-Dec-14,0.362
19-Dec-14,0.327
19-Dec-14,0.216
19-Dec-14,0.216
21-Dec-14,0.221
21-Dec-14,0.166
21-Dec-14,0.232
21-Dec-14,0.274
28-Dec-14,0.481
28-Dec-14,0.281
28-Dec-14,0.222
28-Dec-14,0.381
13-Jan-15,0.352
20-Jan-15,0.38
20-Jan-15,0.459
20-Jan-15,0.437
20-Jan-15,0.356
27-Jan-15,0.369
5-Feb-15,
5-Feb-15,0.39
5-Feb-15,0.34
5-Feb-15,0.287
7-Feb-15,0.286
7-Feb-15,0.347
7-Feb-15,0.44
7-Feb-15,0.475
12-Feb-15,0.555
14-Feb-15,0.335
14-Feb-15,0.442
14-Feb-15,0.432
14-Feb-15,0.418
14-Feb-15,0.38
21-Feb-15,0.534
21-Feb-15,0.484
21-Feb-15,0.373
23-Feb-15,0.32
28-Feb-15,0.535
28-Feb-15,0.528
2-Mar-15,0.213
2-Mar-15,0.489
2-Mar-15,0.501
2-Mar-15,0.532
2-Mar-15,0.556
9-Mar-15,
9-Mar-15,0.405
9-Mar-15,0.547
9-Mar-15,0.544
9-Mar-15,0.584
11-Mar-15,0.57
16-Mar-15,0.121
18-Mar-15,0.535
18-Mar-15,0.537
18-Mar-15,0.552
18-Mar-15,0.585
25-Mar-15,0.479
25-Mar-15,0.464
25-Mar-15,0.426
25-Mar-15,0.424
27-Mar-15,0.543
27-Mar-15,0.568
27-Mar-15,0.584
3-Apr-15,0.505
3-Apr-15,0.509
3-Apr-15,0.545
10-Apr-15,
10-Apr-15,0.439
10-Apr-15,0.468
10-Apr-15,0.501
12-Apr-15,0.587
12-Apr-15,0.524
12-Apr-15,0.543
12-Apr-15,0.561
17-Apr-15,0.517
17-Apr-15,0.521
19-Apr-15,0.239
19-Apr-15,0.213
19-Apr-15,0.464
26-Apr-15,0.356
26-Apr-15,0.466
26-Apr-15,0.511
26-Apr-15,0.528
28-Apr-15,0.567
28-Apr-15,0.568
28-Apr-15,0.549
28-Apr-15,0.545
3-May-15,0.51
5-May-15,0.424
5-May-15,0.477
5-May-15,0.525
12-May-15,0.404
12-May-15,0.403
12-May-15,0.402
12-May-15,0.409
12-May-15,0.431
14-May-15,0.47
14-May-15,0.495
14-May-15,0.481
14-May-15,0.496
19-May-15,0.475
19-May-15,0.477
21-May-15,0.453
21-May-15,0.421
21-May-15,0.445
21-May-15,0.437
21-May-15,0.412
28-May-15,0.398
28-May-15,0.451
28-May-15,0.46
28-May-15,0.394
28-May-15,0.386
4-Jun-15,0.45
4-Jun-15,0.454
6-Jun-15,0.401
6-Jun-15,0.466
6-Jun-15,0.331
6-Jun-15,0.309
6-Jun-15,0.294
13-Jun-15,
13-Jun-15,0.436
13-Jun-15,0.409
13-Jun-15,0.363
13-Jun-15,0.352
15-Jun-15,0.359
15-Jun-15,0.378
15-Jun-15,0.38
15-Jun-15,0.426
20-Jun-15,0.376
20-Jun-15,0.378
22-Jun-15,0.428
22-Jun-15,0.443
22-Jun-15,0.293
22-Jun-15,0.284
22-Jun-15,0.242
29-Jun-15,0.389
29-Jun-15,0.326
29-Jun-15,0.306
1-Jul-15,0.293
1-Jul-15,0.346
1-Jul-15,0.353
6-Jul-15,0.363
6-Jul-15,0.365
8-Jul-15,0.247
8-Jul-15,0.472
8-Jul-15,0.367
8-Jul-15,0.297
8-Jul-15,0.224
15-Jul-15,0.452
15-Jul-15,0.368
15-Jul-15,0.356
15-Jul-15,0.274
15-Jul-15,0.279
17-Jul-15,0.299
17-Jul-15,0.334
17-Jul-15,0.335
17-Jul-15,0.362
22-Jul-15,0.304
22-Jul-15,0.304
24-Jul-15,0.367
24-Jul-15,0.476
24-Jul-15,0.323
24-Jul-15,0.286
24-Jul-15,0.33
31-Jul-15,0.361
31-Jul-15,0.32
31-Jul-15,0.342
31-Jul-15,0.264
31-Jul-15,0.248
2-Aug-15,0.267
2-Aug-15,0.292
2-Aug-15,0.293
2-Aug-15,0.269
7-Aug-15,0.254
7-Aug-15,0.258
9-Aug-15,0.355
9-Aug-15,0.458
9-Aug-15,0.248
9-Aug-15,0.236
9-Aug-15,0.291
16-Aug-15,0.344
16-Aug-15,0.284
16-Aug-15,0.248
16-Aug-15,0.184
16-Aug-15,0.179
23-Aug-15,0.272
25-Aug-15,0.258
25-Aug-15,0.366
25-Aug-15,0.215
25-Aug-15,0.217
25-Aug-15,0.248
1-Sep-15,0.283
1-Sep-15,0.269
1-Sep-15,0.275
1-Sep-15,0.217
1-Sep-15,0.21
3-Sep-15,0.167
3-Sep-15,0.226
3-Sep-15,0.228
3-Sep-15,0.197
8-Sep-15,0.225
8-Sep-15,0.224
10-Sep-15,0.284
10-Sep-15,0.387
10-Sep-15,0.221
10-Sep-15,0.195
10-Sep-15,0.206
17-Sep-15,0.275
17-Sep-15,0.234
17-Sep-15,0.248
17-Sep-15,0.184
17-Sep-15,0.18
19-Sep-15,0.194
19-Sep-15,0.191
19-Sep-15,0.188
19-Sep-15,0.182
24-Sep-15,0.214
24-Sep-15,0.211
26-Sep-15,0.307
26-Sep-15,0.164
26-Sep-15,0.149
3-Oct-15,0.249
3-Oct-15,0.249
3-Oct-15,0.245
3-Oct-15,0.171
3-Oct-15,0.177
5-Oct-15,0.204
5-Oct-15,0.188
5-Oct-15,0.214
5-Oct-15,0.225
10-Oct-15,0.22
10-Oct-15,0.217
12-Oct-15,0.256
12-Oct-15,0.344
12-Oct-15,0.2
12-Oct-15,0.189
12-Oct-15,0.193
19-Oct-15,0.246
19-Oct-15,0.232
19-Oct-15,0.216
19-Oct-15,0.145
19-Oct-15,0.15
21-Oct-15,0.187
26-Oct-15,0.225
28-Oct-15,0.273
28-Oct-15,0.182
28-Oct-15,0.191
6-Nov-15,0.273
6-Nov-15,0.206
6-Nov-15,0.243
11-Nov-15,0.271
11-Nov-15,0.262
13-Nov-15,0.253
13-Nov-15,0.402
13-Nov-15,0.222
13-Nov-15,0.203
13-Nov-15,0.219
20-Nov-15,0.377
20-Nov-15,0.289
20-Nov-15,0.308
20-Nov-15,0.188
20-Nov-15,0.164
22-Nov-15,0.261
22-Nov-15,0.215
22-Nov-15,0.216
22-Nov-15,0.231
29-Nov-15,0.105
29-Nov-15,0.166
6-Dec-15,0.434
6-Dec-15,0.251
6-Dec-15,0.291
6-Dec-15,0.189
6-Dec-15,0.193
8-Dec-15,0.222
8-Dec-15,0.253
8-Dec-15,0.367
13-Dec-15,0.215
15-Dec-15,0.408
15-Dec-15,0.154
15-Dec-15,0.231
22-Dec-15,0.215
22-Dec-15,0.242
29-Dec-15,0.378
31-Dec-15,0.47
31-Dec-15,0.345
31-Dec-15,0.376
7-Jan-16,0.4
7-Jan-16,0.435
7-Jan-16,0.42
7-Jan-16,0.323
7-Jan-16,0.298
9-Jan-16,0.434
9-Jan-16,0.33
9-Jan-16,0.365
16-Jan-16,0.398
16-Jan-16,0.469
16-Jan-16,0.281
23-Jan-16,0.452
23-Jan-16,0.472
25-Jan-16,0.45
25-Jan-16,0.432
25-Jan-16,0.437
25-Jan-16,0.472
1-Feb-16,0.306
1-Feb-16,0.445
8-Feb-16,0.462
8-Feb-16,0.547
8-Feb-16,0.556
10-Feb-16,0.635
10-Feb-16,0.544
10-Feb-16,0.546
10-Feb-16,0.552
15-Feb-16,0.54
17-Feb-16,0.358
17-Feb-16,0.417
17-Feb-16,0.535
17-Feb-16,0.498
17-Feb-16,0.475
24-Feb-16,0.525
24-Feb-16,0.606
24-Feb-16,0.571
24-Feb-16,0.519
24-Feb-16,0.456
26-Feb-16,0.637
26-Feb-16,0.466
26-Feb-16,0.463
26-Feb-16,0.443
2-Mar-16,0.585
2-Mar-16,0.574
4-Mar-16,0.559
4-Mar-16,0.528
4-Mar-16,0.462
4-Mar-16,0.493
4-Mar-16,0.502
11-Mar-16,0.41
11-Mar-16,0.466
11-Mar-16,0.518
11-Mar-16,0.528
13-Mar-16,0.662
13-Mar-16,0.529
13-Mar-16,0.524
13-Mar-16,0.273
20-Mar-16,0.526
20-Mar-16,0.591
20-Mar-16,0.45
20-Mar-16,0.471
20-Mar-16,0.464
27-Mar-16,0.545
27-Mar-16,0.493
27-Mar-16,0.546
27-Mar-16,0.552
29-Mar-16,0.6
29-Mar-16,0.516
29-Mar-16,0.558
29-Mar-16,0.56
3-Apr-16,0.437
5-Apr-16,0.469
5-Apr-16,0.481
5-Apr-16,0.469
14-Apr-16,0.585
14-Apr-16,0.528
14-Apr-16,0.545
19-Apr-16,0.345
21-Apr-16,0.438
21-Apr-16,0.605
21-Apr-16,0.564
21-Apr-16,0.526
21-Apr-16,0.568
28-Apr-16,0.165
28-Apr-16,0.469
28-Apr-16,0.428
28-Apr-16,0.401
28-Apr-16,0.38
30-Apr-16,0.268
30-Apr-16,0.383
30-Apr-16,0.348
30-Apr-16,0.39
7-May-16,0.474
7-May-16,0.524
7-May-16,0.423
7-May-16,0.41
7-May-16,0.484
14-May-16,0.515
14-May-16,0.575
14-May-16,0.533
14-May-16,0.426
14-May-16,0.403
16-May-16,
16-May-16,0.372
16-May-16,0.435
21-May-16,0.461
21-May-16,0.45
23-May-16,0.318
23-May-16,0.352
23-May-16,0.36
23-May-16,0.415
30-May-16,
30-May-16,0.439
30-May-16,0.392
30-May-16,0.361
1-Jun-16,0.366
1-Jun-16,0.366
1-Jun-16,0.413
1-Jun-16,0.387
6-Jun-16,0.459
6-Jun-16,0.45
8-Jun-16,0.341
8-Jun-16,0.535
8-Jun-16,0.429
8-Jun-16,0.352
8-Jun-16,0.402
15-Jun-16,0.504
15-Jun-16,0.462
15-Jun-16,0.437
15-Jun-16,0.356
15-Jun-16,0.327
17-Jun-16,0.327
17-Jun-16,0.336
17-Jun-16,0.379
17-Jun-16,0.358
22-Jun-16,0.331
22-Jun-16,0.343
24-Jun-16,0.425
24-Jun-16,0.478
24-Jun-16,0.3
24-Jun-16,0.246
24-Jun-16,0.25
1-Jul-16,0.479
1-Jul-16,0.442
1-Jul-16,0.383
1-Jul-16,0.31
1-Jul-16,0.288
3-Jul-16,0.282
3-Jul-16,0.268
3-Jul-16,0.247
8-Jul-16,0.365
8-Jul-16,0.368
10-Jul-16,0.416
10-Jul-16,0.348
10-Jul-16,0.26
10-Jul-16,0.269
17-Jul-16,0.204
17-Jul-16,0.33
17-Jul-16,0.318
17-Jul-16,0.241
17-Jul-16,0.221
19-Jul-16,0.247
19-Jul-16,0.257
19-Jul-16,0.239
24-Jul-16,0.331
24-Jul-16,0.328
26-Jul-16,0.333
26-Jul-16,0.377
26-Jul-16,0.266
26-Jul-16,0.231
26-Jul-16,0.282
2-Aug-16,0.46
2-Aug-16,0.404
2-Aug-16,0.392
2-Aug-16,0.26
2-Aug-16,0.233
4-Aug-16,0.224
4-Aug-16,0.236
4-Aug-16,0.289
4-Aug-16,0.293
9-Aug-16,0.308
9-Aug-16,0.308
11-Aug-16,0.39
11-Aug-16,0.257
11-Aug-16,0.23
11-Aug-16,0.297
18-Aug-16,0.297
18-Aug-16,0.289
18-Aug-16,0.248
18-Aug-16,0.192
18-Aug-16,0.208
20-Aug-16,0.185
20-Aug-16,0.193
20-Aug-16,0.239
20-Aug-16,0.247
25-Aug-16,0.262
25-Aug-16,0.262
27-Aug-16,0.334
27-Aug-16,0.192
27-Aug-16,0.191
27-Aug-16,0.191
3-Sep-16,0.322
3-Sep-16,0.278
3-Sep-16,0.253
3-Sep-16,0.176
3-Sep-16,0.156
5-Sep-16,0.164
5-Sep-16,0.175
5-Sep-16,0.2
5-Sep-16,0.219
10-Sep-16,0.275
12-Sep-16,0.32
12-Sep-16,0.403
12-Sep-16,0.191
12-Sep-16,0.148
12-Sep-16,0.176
19-Sep-16,0.332
19-Sep-16,0.299
19-Sep-16,0.29
19-Sep-16,0.184
19-Sep-16,0.164
21-Sep-16,0.1
21-Sep-16,0.124
21-Sep-16,0.186
21-Sep-16,0.208
26-Sep-16,0.244
26-Sep-16,0.242
28-Sep-16,0.233
28-Sep-16,0.368
28-Sep-16,0.171
28-Sep-16,0.141
28-Sep-16,0.17
5-Oct-16,0.18
5-Oct-16,0.191
5-Oct-16,0.176
5-Oct-16,0.142
5-Oct-16,0.149
7-Oct-16,0.169
7-Oct-16,0.169
7-Oct-16,0.201
7-Oct-16,0.189
12-Oct-16,0.244
12-Oct-16,0.243
14-Oct-16,0.267
14-Oct-16,0.381
14-Oct-16,0.18
14-Oct-16,0.146
14-Oct-16,0.147
21-Oct-16,0.275
21-Oct-16,0.275
21-Oct-16,0.255
21-Oct-16,0.158
21-Oct-16,0.162
23-Oct-16,0.15
23-Oct-16,0.157
23-Oct-16,0.179
23-Oct-16,0.171
28-Oct-16,0.25
28-Oct-16,0.247
30-Oct-16,0.19
30-Oct-16,0.208
30-Oct-16,0.15
30-Oct-16,0.171
30-Oct-16,0.165
6-Nov-16,0.295
6-Nov-16,0.269
6-Nov-16,0.245
6-Nov-16,0.16
8-Nov-16,
8-Nov-16,0.176
8-Nov-16,0.176
13-Nov-16,0.208
13-Nov-16,0.204
15-Nov-16,0.294
15-Nov-16,0.155
15-Nov-16,0.138
22-Nov-16,0.245
22-Nov-16,0.282
22-Nov-16,0.253
22-Nov-16,0.174
24-Nov-16,0.062
24-Nov-16,0.157
24-Nov-16,0.148
29-Nov-16,0.27
29-Nov-16,0.262
1-Dec-16,0.247
1-Dec-16,0.158
1-Dec-16,0.177
1-Dec-16,0.245
8-Dec-16,
10-Dec-16,0.191
10-Dec-16,0.299
10-Dec-16,0.296
10-Dec-16,0.274
17-Dec-16,0.125
17-Dec-16,0.066
17-Dec-16,0.185
17-Dec-16,0.23
17-Dec-16,0.194
24-Dec-16,0.377
24-Dec-16,0.46
24-Dec-16,0.422
24-Dec-16,0.344
24-Dec-16,0.355
26-Dec-16,
2-Jan-17,0.221
2-Jan-17,0.273
16-Jan-17,0.408
18-Jan-17,0.297
18-Jan-17,0.328
25-Jan-17,
27-Jan-17,0.621
27-Jan-17,0.513
27-Jan-17,0.562
27-Jan-17,0.575
10-Feb-17,0.494
12-Feb-17,0.526
12-Feb-17,0.525
19-Feb-17,0.29
19-Feb-17,0.559
19-Feb-17,0.538
26-Feb-17,0.369
26-Feb-17,0.415
26-Feb-17,0.485
26-Feb-17,0.448
7-Mar-17,0.543
7-Mar-17,0.515
7-Mar-17,0.549
7-Mar-17,0.564
14-Mar-17,0.47
14-Mar-17,0.517
14-Mar-17,0.6
16-Mar-17,0.657
16-Mar-17,0.587
16-Mar-17,0.594
16-Mar-17,0.581
21-Mar-17,0.462
23-Mar-17,0.569
23-Mar-17,0.256
30-Mar-17,0.483
30-Mar-17,0.53
1-Apr-17,0.551
1-Apr-17,0.6
1-Apr-17,0.623
6-Apr-17,0.436
8-Apr-17,0.396
8-Apr-17,0.455
8-Apr-17,0.491
15-Apr-17,0.483
15-Apr-17,0.474
15-Apr-17,0.429
15-Apr-17,0.413
24-Apr-17,0.496
24-Apr-17,0.502
24-Apr-17,0.431
24-Apr-17,0.477
24-Apr-17,0.419
1-May-17,0.434
1-May-17,0.566
1-May-17,0.54
1-May-17,0.468
1-May-17,0.468
3-May-17,0.455
3-May-17,0.427
3-May-17,0.412
10-May-17,0.519
10-May-17,0.468
10-May-17,0.488
10-May-17,0.474
17-May-17,0.539
17-May-17,0.564
17-May-17,0.51
17-May-17,0.37
17-May-17,0.358
19-May-17,0.434
19-May-17,0.48
19-May-17,0.43
24-May-17,0.407
24-May-17,0.415
26-May-17,0.54
26-May-17,0.603
26-May-17,0.431
26-May-17,0.406
26-May-17,0.451
2-Jun-17,0.479
2-Jun-17,0.433
2-Jun-17,0.408
2-Jun-17,0.393
4-Jun-17,0.48
4-Jun-17,0.366
4-Jun-17,0.369
9-Jun-17,0.415
9-Jun-17,0.42
11-Jun-17,0.544
11-Jun-17,0.629
11-Jun-17,0.426
11-Jun-17,0.366
11-Jun-17,0.285
18-Jun-17,0.414
18-Jun-17,0.459
18-Jun-17,0.384
18-Jun-17,0.359
18-Jun-17,0.347
20-Jun-17,0.434
20-Jun-17,0.394
20-Jun-17,0.396
25-Jun-17,0.352
25-Jun-17,0.346
27-Jun-17,0.313
27-Jun-17,0.285
27-Jun-17,0.284
4-Jul-17,0.32
4-Jul-17,0.365
4-Jul-17,0.382
4-Jul-17,0.347
4-Jul-17,0.319
6-Jul-17,0.339
6-Jul-17,0.258
6-Jul-17,0.223
11-Jul-17,0.366
11-Jul-17,0.357
13-Jul-17,0.495
13-Jul-17,0.473
13-Jul-17,0.302
13-Jul-17,0.283
13-Jul-17,0.301
20-Jul-17,0.374
20-Jul-17,0.369
20-Jul-17,0.337
20-Jul-17,0.268
20-Jul-17,0.26
22-Jul-17,0.331
22-Jul-17,0.31
22-Jul-17,0.308
22-Jul-17,0.311
27-Jul-17,0.293
27-Jul-17,0.293
29-Jul-17,0.409
29-Jul-17,0.39
29-Jul-17,0.297
29-Jul-17,0.253
29-Jul-17,0.236
5-Aug-17,0.459
5-Aug-17,0.306
5-Aug-17,0.303
5-Aug-17,0.253
5-Aug-17,0.253
7-Aug-17,0.284
7-Aug-17,0.289
7-Aug-17,0.282
7-Aug-17,0.241
12-Aug-17,0.296
12-Aug-17,0.293
14-Aug-17,0.348
14-Aug-17,0.398
14-Aug-17,0.162
14-Aug-17,0.201
14-Aug-17,0.221
21-Aug-17,0.285
21-Aug-17,0.284
21-Aug-17,0.242
23-Aug-17,0.302
23-Aug-17,0.263
23-Aug-17,0.262
28-Aug-17,0.297
28-Aug-17,0.295
30-Aug-17,0.305
30-Aug-17,0.496
30-Aug-17,0.284
30-Aug-17,0.236
30-Aug-17,0.237
6-Sep-17,0.28
6-Sep-17,0.276
6-Sep-17,0.306
6-Sep-17,0.236
6-Sep-17,0.228
8-Sep-17,0.207
8-Sep-17,0.19
8-Sep-17,0.214
8-Sep-17,0.211
13-Sep-17,0.263
13-Sep-17,0.261
15-Sep-17,0.322
15-Sep-17,0.442
15-Sep-17,0.237
15-Sep-17,0.184
15-Sep-17,0.154
22-Sep-17,0.4
22-Sep-17,0.258
22-Sep-17,0.18
22-Sep-17,0.195
24-Sep-17,0.152
24-Sep-17,0.154
24-Sep-17,0.204
29-Sep-17,0.25
29-Sep-17,0.249
1-Oct-17,0.25
1-Oct-17,0.335
1-Oct-17,0.156
1-Oct-17,0.137
1-Oct-17,0.144
8-Oct-17,0.317
8-Oct-17,0.269
8-Oct-17,0.285
8-Oct-17,0.197
8-Oct-17,0.185
10-Oct-17,0.178
10-Oct-17,0.167
10-Oct-17,0.169
10-Oct-17,0.147
15-Oct-17,0.235
15-Oct-17,0.233
17-Oct-17,0.264
17-Oct-17,0.391
17-Oct-17,0.208
17-Oct-17,0.185
24-Oct-17,0.304
24-Oct-17,0.23
24-Oct-17,0.254
24-Oct-17,0.201
24-Oct-17,0.204
26-Oct-17,0.181
26-Oct-17,0.202
26-Oct-17,0.187
31-Oct-17,0.208
31-Oct-17,0.203
2-Nov-17,0.282
2-Nov-17,0.166
2-Nov-17,0.145
9-Nov-17,0.339
9-Nov-17,0.258
11-Nov-17,0.168
11-Nov-17,0.193
16-Nov-17,0.286
16-Nov-17,0.287
18-Nov-17,0.308
18-Nov-17,0.374
18-Nov-17,0.169
25-Nov-17,0.251
25-Nov-17,0.238
25-Nov-17,0.147
25-Nov-17,0.151
27-Nov-17,
4-Dec-17,0.264
4-Dec-17,0.349
13-Dec-17,0.259
27-Dec-17,
29-Dec-17,0.485
29-Dec-17,0.567